05001	Medellín	05	Antioquia	220	16504	75901	92624	40.2766877698671
05002	Abejorral	05	Antioquia	684	50	234	968	0.42102369714603
05004	Abriaquí	05	Antioquia	29	3	31	64	0.02766494840171
05021	Alejandría	05	Antioquia	16	5	75	96	0.0419095244552126
05030	Amagá	05	Antioquia	95	448	450	993	0.431889874688617
05031	Amalfi	05	Antioquia	69	79	1404	1552	0.674873782455484
05034	Andes	05	Antioquia	457	62	651	1170	0.508644370028921
05036	Angelópolis	05	Antioquia	46	7	79	133	0.0577318127837264
05038	Angostura	05	Antioquia	37	11	140	187	0.0814525184017357
05040	Anorí	05	Antioquia	56	17	236	309	0.134229434475733
05042	Santa Fé de Antioquia	05	Antioquia	62	24	405	490	0.213121929468294
05044	Anzá	05	Antioquia	112	11	81	204	0.0885801267678262
05045	Apartadó	05	Antioquia	1240	272	2479	3991	1.7353762212144
05051	Arboletes	05	Antioquia	157	31	364	552	0.239940415243597
05055	Argelia	05	Antioquia	35	7	80	122	0.0529777912471842
05059	Armenia	05	Antioquia	22	5	61	88	0.0383618086589732
05079	Barbosa	05	Antioquia	245	693	952	1891	0.822157336091411
05086	Belmira	05	Antioquia	42	7	83	133	0.0578229614152616
05088	Bello	05	Antioquia	99	1345	8460	9904	4.30667442038015
05091	Betania	05	Antioquia	170	18	146	334	0.145028577103172
05093	Betulia	05	Antioquia	328	29	200	557	0.242189628829754
05101	Ciudad Bolívar	05	Antioquia	182	30	396	608	0.264396471414647
05107	Briceño	05	Antioquia	26	7	99	133	0.0576773830559116
05113	Buriticá	05	Antioquia	1534	10	130	1674	0.727715800936377
05120	Cáceres	05	Antioquia	188	29	383	601	0.261190388128821
05125	Caicedo	05	Antioquia	64	10	103	177	0.0769085259442073
05129	Caldas	05	Antioquia	101	461	1362	1925	0.836960517444427
05134	Campamento	05	Antioquia	22	7	95	124	0.0539048003908833
05138	Cañasgordas	05	Antioquia	116	24	210	350	0.152374598770268
05142	Caracolí	05	Antioquia	18	6	76	100	0.0435039226067204
05145	Caramanta	05	Antioquia	74	8	68	151	0.0654664208577427
05147	Carepa	05	Antioquia	1049	97	708	1855	0.80642773915152
05148	El Carmen de Viboral	05	Antioquia	242	77	909	1228	0.533971572389596
05150	Carolina	05	Antioquia	26	5	59	91	0.0393612166153626
05154	Caucasia	05	Antioquia	2896	89	1406	4390	1.90912586972443
05172	Chigorodó	05	Antioquia	1016	105	876	1997	0.868243477661935
05190	Cisneros	05	Antioquia	21	11	172	205	0.0891424915001043
05197	Cocorná	05	Antioquia	47	15	199	260	0.113244403945039
05206	Concepción	05	Antioquia	42	6	60	107	0.0467126227805523
05209	Concordia	05	Antioquia	323	33	261	617	0.26828456653683
05212	Copacabana	05	Antioquia	26	1054	1340	2420	1.05233189610976
05234	Dabeiba	05	Antioquia	205	25	297	527	0.229309043342338
05237	Donmatías	05	Antioquia	421	60	401	882	0.38344980840192
05240	Ebéjico	05	Antioquia	250	23	152	425	0.184610724172248
05250	El Bagre	05	Antioquia	792	45	705	1542	0.670441346788674
05264	Entrerríos	05	Antioquia	217	269	244	731	0.31783671635655
05266	Envigado	05	Antioquia	71	2740	10001	12812	5.57115362765852
05282	Fredonia	05	Antioquia	342	39	327	708	0.307963747422521
05284	Frontino	05	Antioquia	70	19	247	336	0.145954944726116
05306	Giraldo	05	Antioquia	11	4	70	85	0.0369903092146884
05308	Girardota	05	Antioquia	113	2499	1394	4007	1.74220698569647
05310	Gómez Plata	05	Antioquia	62	31	505	597	0.259699054807674
05313	Granada	05	Antioquia	34	9	110	153	0.0666558454034394
05315	Guadalupe	05	Antioquia	17	6	85	109	0.047294333627435
05318	Guarne	05	Antioquia	169	1125	1072	2366	1.02868779966191
05321	Guatapé	05	Antioquia	11	40	749	801	0.34832154568905
05347	Heliconia	05	Antioquia	29	5	60	94	0.0410597227195575
05353	Hispania	05	Antioquia	39	6	71	116	0.0506258055398798
05360	Itagüí	05	Antioquia	3	3928	8266	12197	5.30376928886728
05361	Ituango	05	Antioquia	100	27	352	479	0.208162324995447
05364	Jardín	05	Antioquia	147	26	305	478	0.207708183252206
05368	Jericó	05	Antioquia	296	28	200	524	0.227675268254471
05376	La Ceja	05	Antioquia	143	168	1389	1700	0.739180622676826
05380	La Estrella	05	Antioquia	15	1369	1945	3329	1.44757310884258
05390	La Pintada	05	Antioquia	64	71	174	309	0.134576224143155
05400	La Unión	05	Antioquia	168	61	377	605	0.263147461115856
05411	Liborina	05	Antioquia	53	11	123	187	0.0812001241505559
05425	Maceo	05	Antioquia	69	11	123	203	0.0884551197534119
05440	Marinilla	05	Antioquia	505	747	1068	2321	1.00919660619044
05467	Montebello	05	Antioquia	72	9	90	171	0.0745041169423065
05475	Murindó	05	Antioquia	6	4	68	77	0.0336375045222268
05480	Mutatá	05	Antioquia	153	17	183	353	0.153282867105954
05483	Nariño	05	Antioquia	59	11	118	187	0.0812865078407163
05490	Necoclí	05	Antioquia	452	58	571	1081	0.469902050920625
05495	Nechí	05	Antioquia	52	23	342	417	0.181354615383141
05501	Olaya	05	Antioquia	25	4	50	80	0.034659992486138
05541	Peñol	05	Antioquia	520	47	313	880	0.382638082505211
05543	Peque	05	Antioquia	25	7	93	124	0.0541032106795813
05576	Pueblorrico	05	Antioquia	76	11	109	196	0.0853840669070732
05579	Puerto Berrío	05	Antioquia	115	81	875	1072	0.466303698845839
05585	Puerto Nare	05	Antioquia	202	67	521	790	0.343564892175392
05591	Puerto Triunfo	05	Antioquia	43	39	278	359	0.156242501362574
05604	Remedios	05	Antioquia	516	33	452	1001	0.435238083030013
05607	Retiro	05	Antioquia	208	59	654	921	0.400464569366029
05615	Rionegro	05	Antioquia	108	2909	3560	6576	2.85970417302975
05628	Sabanalarga	05	Antioquia	40	9	110	159	0.0690669364263017
05631	Sabaneta	05	Antioquia	17	1557	3534	5108	2.22109009018667
05642	Salgar	05	Antioquia	245	28	246	518	0.225438385664425
05647	San Andrés de Cuerquía	05	Antioquia	29	7	85	121	0.0524061046295448
05649	San Carlos	05	Antioquia	41	82	1512	1636	0.711182358632774
05652	San Francisco	05	Antioquia	18	5	73	96	0.0415952179545774
05656	San Jerónimo	05	Antioquia	42	22	334	398	0.172957959947149
05658	San José de la Montaña	05	Antioquia	10	4	52	66	0.0285731814305347
05659	San Juan de Urabá	05	Antioquia	135	21	230	386	0.167689456358354
05660	San Luis	05	Antioquia	19	12	179	210	0.0914977436607423
05664	San Pedro de los milagros	05	Antioquia	266	698	448	1412	0.613841831297697
05665	San Pedro de Urabá	05	Antioquia	260	35	350	646	0.280948649285932
05667	San Rafael	05	Antioquia	27	14	199	240	0.104512598774126
05670	San Roque	05	Antioquia	81	20	260	360	0.156725636985664
05674	San Vicente Ferrer	05	Antioquia	343	36	281	660	0.287003489148803
05679	Santa Bárbara	05	Antioquia	207	34	367	608	0.26422577288945
05686	Santa Rosa de Osos	05	Antioquia	576	326	717	1620	0.704402883215682
05690	Santo Domingo	05	Antioquia	283	16	167	465	0.202390018189885
05697	El Santuario	05	Antioquia	387	67	482	936	0.406841801910167
05736	Segovia	05	Antioquia	858	37	580	1475	0.641595348416438
05756	Sonsón	05	Antioquia	893	379	576	1849	0.803958922211442
05761	Sopetrán	05	Antioquia	43	17	237	297	0.128952941484248
05789	Támesis	05	Antioquia	239	44	230	513	0.223286755933258
05790	Tarazá	05	Antioquia	82	30	449	560	0.243724914358966
05792	Tarso	05	Antioquia	81	10	104	196	0.0850868531917546
05809	Titiribí	05	Antioquia	49	11	143	203	0.0884849844157879
05819	Toledo	05	Antioquia	28	7	99	134	0.0581268460560312
05837	Turbo	05	Antioquia	1643	223	2317	4183	1.81883676822429
05842	Uramita	05	Antioquia	47	7	78	132	0.0575691660974798
05847	Urrao	05	Antioquia	781	72	393	1245	0.541570337356894
05854	Valdivia	05	Antioquia	32	13	184	230	0.0999424530835264
05856	Valparaíso	05	Antioquia	250	19	103	372	0.161785836726297
05858	Vegachí	05	Antioquia	319	13	181	512	0.222814917976625
05861	Venecia	05	Antioquia	161	21	211	394	0.171310096161142
05873	Vigía del Fuerte	05	Antioquia	28	7	114	149	0.0648198094661883
05885	Yalí	05	Antioquia	220	7	91	318	0.138452441366542
05887	Yarumal	05	Antioquia	145	231	614	990	0.43047021382306
05890	Yolombó	05	Antioquia	213	28	271	512	0.222835381741385
05893	Yondó	05	Antioquia	929	23	271	1224	0.532027112666711
05895	Zaragoza	05	Antioquia	210	24	322	555	0.241497520990248
08001	Barranquilla	08	Atlántico	33	8511	34664	43208	62.6518263265905
08078	Baranoa	08	Atlántico	92	661	719	1471	2.13318596235278
08137	Campo de la Cruz	08	Atlántico	12	13	233	258	0.373826539735298
08141	Candelaria	08	Atlántico	15	10	168	193	0.279687152033759
08296	Galapa	08	Atlántico	54	895	1021	1971	2.85728183917085
08372	Juan de Acosta	08	Atlántico	6	15	278	298	0.432653041125801
08421	Luruaco	08	Atlántico	59	26	287	372	0.53991207067697
08433	Malambo	08	Atlántico	89	1152	1758	2999	4.34876046673739
08436	Manatí	08	Atlántico	19	13	225	257	0.37259978528488
08520	Palmar de Varela	08	Atlántico	39	427	289	755	1.09519554184066
08549	Piojó	08	Atlántico	25	5	72	102	0.148143935190365
08558	Polonuevo	08	Atlántico	110	15	184	309	0.448110667197781
08560	Ponedera	08	Atlántico	62	17	265	344	0.498473740235024
08573	Puerto Colombia	08	Atlántico	10	87	985	1082	1.56925821850038
08606	Repelón	08	Atlántico	73	19	288	380	0.550650500805165
08634	Sabanagrande	08	Atlántico	72	57	400	530	0.768124582118862
08638	Sabanalarga	08	Atlántico	310	67	1014	1391	2.01688278448106
08675	Santa Lucía	08	Atlántico	12	9	157	178	0.257867872154919
08685	Santo Tomás	08	Atlántico	60	23	370	452	0.655844815635651
08758	Soledad	08	Atlántico	6	1633	10229	11868	17.2091240414
08770	Suan	08	Atlántico	8	8	134	150	0.216932972898879
08832	Tubará	08	Atlántico	10	13	217	241	0.349031399195206
08849	Usiacurí	08	Atlántico	28	8	120	156	0.226625744637811
11001	Bogotá. DC	11	Bogotá. D C	562	45497	334140	380198	100
13001	Cartagena de Indias	13	Bolívar	62	12620	22896	35579	64.6066592463984
13006	Achí	13	Bolívar	145	38	238	422	0.766004797028036
13030	Altos del Rosario	13	Bolívar	36	13	89	138	0.250116729789179
13042	Arenal	13	Bolívar	102	13	77	193	0.350220736647443
13052	Arjona	13	Bolívar	186	99	738	1024	1.85945882782712
13062	Arroyohondo	13	Bolívar	25	11	76	112	0.202781747574784
13074	Barranco de Loba	13	Bolívar	112	22	144	278	0.505060249627413
13140	Calamar	13	Bolívar	38	31	250	319	0.578554218492526
13160	Cantagallo	13	Bolívar	771	25	177	973	1.76719591242086
13188	Cicuco	13	Bolívar	39	19	161	219	0.397917215976862
13212	Córdoba	13	Bolívar	55	22	151	228	0.413326749818098
13222	Clemencia	13	Bolívar	163	40	160	363	0.658501623058776
13244	El Carmen de Bolívar	13	Bolívar	309	110	696	1115	2.02532796301982
13248	El Guamo	13	Bolívar	61	16	93	170	0.309156131429031
13268	El Peñón	13	Bolívar	62	14	66	141	0.25624471561024
13300	Hatillo de Loba	13	Bolívar	40	17	121	178	0.323928838304717
13430	Magangué	13	Bolívar	186	246	2110	2542	4.61581084171667
13433	Mahates	13	Bolívar	231	54	276	561	1.01935661635963
13440	Margarita	13	Bolívar	54	14	82	151	0.273309959964599
13442	María La Baja	13	Bolívar	194	66	422	682	1.23921339511492
13458	Montecristo	13	Bolívar	205	18	130	353	0.641867807520927
13468	Mompós	13	Bolívar	81	63	502	645	1.17110999792928
13473	Morales	13	Bolívar	127	37	221	385	0.698787037376087
13490	Norosí	13	Bolívar	120	11	85	216	0.392756126851942
13549	Pinillos	13	Bolívar	61	27	192	280	0.508840918624278
13580	Regidor	13	Bolívar	104	18	69	191	0.347310903844538
13600	Río Viejo	13	Bolívar	106	24	117	246	0.447491477341128
13620	San Cristóbal	13	Bolívar	10	9	75	93	0.169479029727199
13647	San Estanislao	13	Bolívar	96	31	194	321	0.583316450912063
13650	San Fernando	13	Bolívar	36	14	94	144	0.261967995073258
13654	San Jacinto	13	Bolívar	131	43	271	445	0.807932557322736
13655	San Jacinto del Cauca	13	Bolívar	41	14	90	144	0.262270634374379
13657	San Juan Nepomuceno	13	Bolívar	191	65	413	668	1.21386765730716
13667	San Martín de Loba	13	Bolívar	181	17	126	324	0.587963073267117
13670	San Pablo	13	Bolívar	127	65	361	553	1.00377228101188
13673	Santa Catalina	13	Bolívar	57	23	157	238	0.432179236831566
13683	Santa Rosa	13	Bolívar	47	29	223	299	0.542991711791656
13688	Santa Rosa del Sur	13	Bolívar	117	56	404	577	1.04754457639146
13744	Simití	13	Bolívar	119	35	207	361	0.654783744755036
13760	Soplaviento	13	Bolívar	7	12	106	125	0.227435591059457
13780	Talaigua Nuevo	13	Bolívar	35	19	152	206	0.374089023546306
13810	Tiquisio	13	Bolívar	30	20	157	207	0.37636771394469
13836	Turbaco	13	Bolívar	72	510	1230	1812	3.28994740588795
13838	Turbaná	13	Bolívar	71	25	166	263	0.477537708425224
13873	Villanueva	13	Bolívar	77	35	246	357	0.64839250489996
13894	Zambrano	13	Bolívar	65	22	140	227	0.411850317803684
15001	Tunja	15	Boyacá	162	494	4938	5593	13.2934660199768
15022	Almeida	15	Boyacá	11	3	20	34	0.0799267217591056
15047	Aquitania	15	Boyacá	467	59	217	743	1.76542933696519
15051	Arcabuco	15	Boyacá	99	17	93	208	0.495409604951588
15087	Belén	15	Boyacá	37	14	105	156	0.370690434626463
15090	Berbeo	15	Boyacá	19	3	21	43	0.101269144211981
15092	Betéitiva	15	Boyacá	14	3	21	37	0.0876831818523124
15097	Boavita	15	Boyacá	49	9	62	121	0.287114147584086
15104	Boyacá	15	Boyacá	26	12	108	146	0.348123399223936
15106	Briceño	15	Boyacá	78	9	32	120	0.285203831563379
15109	Buenavista	15	Boyacá	72	11	49	132	0.31270259031354
15114	Busbanzá	15	Boyacá	13	3	16	31	0.0734971536544565
15131	Caldas	15	Boyacá	30	6	34	69	0.165040938467814
15135	Campohermoso	15	Boyacá	23	5	38	66	0.156530825555505
15162	Cerinza	15	Boyacá	10	5	45	60	0.143371478245599
15172	Chinavita	15	Boyacá	12	5	40	57	0.135128172373742
15176	Chiquinquirá	15	Boyacá	68	117	1252	1437	3.41585278999118
15180	Chiscas	15	Boyacá	30	5	42	77	0.181929778247032
15183	Chita	15	Boyacá	26	10	84	120	0.284299998726519
15185	Chitaraque	15	Boyacá	74	26	67	168	0.399583657128163
15187	Chivatá	15	Boyacá	13	4	40	58	0.137130542518498
15189	Ciénega	15	Boyacá	44	17	60	122	0.288827746520342
15204	Cómbita	15	Boyacá	70	21	164	256	0.608504989920905
15212	Coper	15	Boyacá	94	12	39	145	0.344039137994349
15215	Corrales	15	Boyacá	68	5	35	108	0.255847526642847
15218	Covarachía	15	Boyacá	46	7	32	85	0.202886459498188
15223	Cubará	15	Boyacá	141	12	122	275	0.654045383598606
15224	Cucaita	15	Boyacá	21	7	55	83	0.198312307778096
15226	Cuítiva	15	Boyacá	15	3	23	42	0.0987118111342575
15232	Chíquiza	15	Boyacá	53	9	51	113	0.269224816127896
15236	Chivor	15	Boyacá	4	4	36	43	0.102432865812926
15238	Duitama	15	Boyacá	58	688	2815	3561	8.46272387930669
15244	El Cocuy	15	Boyacá	14	7	61	82	0.194213692728046
15248	El Espino	15	Boyacá	9	4	36	49	0.116012122683112
15272	Firavitoba	15	Boyacá	24	33	75	132	0.312902060200372
15276	Floresta	15	Boyacá	6	4	40	50	0.118903505468448
15293	Gachantivá	15	Boyacá	40	7	40	87	0.206227166626343
15296	Gámeza	15	Boyacá	27	6	53	86	0.205016673399502
15299	Garagoa	15	Boyacá	30	27	272	329	0.782729964411539
15317	Guacamayas	15	Boyacá	7	3	21	30	0.0715568864412657
15322	Guateque	15	Boyacá	59	20	168	248	0.588488158299816
15325	Guayatá	15	Boyacá	40	8	54	101	0.240889775974789
15332	Güicán de la Sierra	15	Boyacá	9	8	54	71	0.169020075302745
15362	Iza	15	Boyacá	14	3	32	49	0.117549385958009
15367	Jenesano	15	Boyacá	95	18	115	228	0.542562380320846
15368	Jericó	15	Boyacá	28	6	52	87	0.205874366942193
15377	Labranzagrande	15	Boyacá	18	5	40	64	0.151453172567535
15380	La Capilla	15	Boyacá	41	7	33	81	0.19202272758642
15401	La Victoria	15	Boyacá	7	2	15	23	0.0547061867301681
15403	La Uvita	15	Boyacá	25	5	42	71	0.169601550554596
15407	Villa de Leyva	15	Boyacá	455	68	323	846	2.01106493402425
15425	Macanal	15	Boyacá	22	8	63	92	0.21946366443648
15442	Maripí	15	Boyacá	53	12	80	145	0.343562011119332
15455	Miraflores	15	Boyacá	79	19	133	231	0.54977535863016
15464	Mongua	15	Boyacá	62	6	49	117	0.277628321405897
15466	Monguí	15	Boyacá	15	5	52	73	0.172557855791937
15469	Moniquirá	15	Boyacá	139	51	346	536	1.27320610233218
15476	Motavita	15	Boyacá	60	10	65	136	0.322685864007956
15480	Muzo	15	Boyacá	19	13	129	161	0.383370415039501
15491	Nobsa	15	Boyacá	48	1617	566	2231	5.30346473803058
15494	Nuevo Colón	15	Boyacá	103	15	68	186	0.441355174909295
15500	Oicatá	15	Boyacá	57	9	39	105	0.250705707152355
15507	Otanche	15	Boyacá	24	11	97	132	0.312958557528677
15511	Pachavita	15	Boyacá	58	8	33	98	0.234091211705352
15514	Páez	15	Boyacá	24	6	45	76	0.179510059364816
15516	Paipa	15	Boyacá	90	92	950	1131	2.68920962578795
15518	Pajarito	15	Boyacá	17	4	31	53	0.124795107605435
15522	Panqueba	15	Boyacá	11	3	22	36	0.086221676786054
15531	Pauna	15	Boyacá	151	21	84	256	0.607414000587539
15533	Paya	15	Boyacá	8	3	26	38	0.0903419992148825
15537	Paz de río	15	Boyacá	36	7	68	110	0.261393239491748
15542	Pesca	15	Boyacá	31	10	82	124	0.294686148581948
15550	Pisba	15	Boyacá	8	3	20	30	0.0714463715140851
15572	Puerto Boyacá	15	Boyacá	2002	93	897	2991	7.10969398784071
15580	Quípama	15	Boyacá	49	11	74	134	0.318458029503213
15599	Ramiriquí	15	Boyacá	72	17	122	211	0.501863040277042
15600	Ráquira	15	Boyacá	152	18	93	263	0.625339790674874
15621	Rondón	15	Boyacá	18	4	28	50	0.118988929467224
15632	Saboyá	15	Boyacá	168	25	128	322	0.764935398349417
15638	Sáchica	15	Boyacá	103	15	65	183	0.434065695443175
15646	Samacá	15	Boyacá	251	96	304	651	1.54625640270812
15660	San Eduardo	15	Boyacá	17	3	20	40	0.0944983137694063
15664	San José de Pare	15	Boyacá	60	12	72	144	0.341615897492483
15667	San Luis de Gaceno	15	Boyacá	29	9	68	106	0.251926464742659
15673	San Mateo	15	Boyacá	46	7	43	96	0.228230339537221
15676	San Miguel de Sema	15	Boyacá	24	6	46	75	0.179351217768738
15681	San Pablo de Borbur	15	Boyacá	23	10	89	122	0.289552065506252
15686	Santana	15	Boyacá	51	14	102	167	0.398051834011228
15690	Santa María	15	Boyacá	15	116	1356	1487	3.53525457200652
15693	Santa Rosa de Viterbo	15	Boyacá	25	16	151	192	0.456266443563831
15696	Santa Sofía	15	Boyacá	80	11	47	139	0.329195044903834
15720	Sativanorte	15	Boyacá	12	3	28	42	0.100787393258767
15723	Sativasur	15	Boyacá	24	2	18	44	0.104941495957086
15740	Siachoque	15	Boyacá	236	27	81	344	0.817492668929875
15753	Soatá	15	Boyacá	29	14	127	170	0.404006254148248
15755	Socotá	15	Boyacá	116	11	100	227	0.540320730824185
15757	Socha	15	Boyacá	51	12	130	193	0.458878055461135
15759	Sogamoso	15	Boyacá	66	1362	3014	4441	10.556112733054
15761	Somondoco	15	Boyacá	32	6	37	75	0.177747052379535
15762	Sora	15	Boyacá	32	6	31	69	0.163025073046136
15763	Sotaquirá	15	Boyacá	53	20	106	180	0.426809768524507
15764	Soracá	15	Boyacá	85	14	78	178	0.423059057087737
15774	Susacón	15	Boyacá	16	5	35	56	0.133410781010794
15776	Sutamarchán	15	Boyacá	275	31	81	387	0.91901273678935
15778	Sutatenza	15	Boyacá	46	8	48	103	0.245125846836152
15790	Tasco	15	Boyacá	62	7	69	138	0.328205536781672
15798	Tenza	15	Boyacá	60	10	52	122	0.289488613059725
15804	Tibaná	15	Boyacá	349	39	101	489	1.16125341825944
15806	Tibasosa	15	Boyacá	184	930	228	1342	3.19046519668808
15808	Tinjacá	15	Boyacá	28	6	40	74	0.175951416842576
15810	Tipacoque	15	Boyacá	12	5	40	56	0.133296089933945
15814	Toca	15	Boyacá	112	20	119	252	0.598391878643693
15816	Togüí	15	Boyacá	50	9	51	110	0.261782189772646
15820	Tópaga	15	Boyacá	57	5	44	106	0.253067877753785
15822	Tota	15	Boyacá	50	9	53	112	0.266087103237614
15832	Tununguá	15	Boyacá	102	10	20	133	0.315740146036184
15835	Turmequé	15	Boyacá	118	17	77	212	0.503756362735823
15837	Tuta	15	Boyacá	87	698	267	1051	2.49887335762307
15839	Tutazá	15	Boyacá	31	5	22	58	0.138396042598868
15842	Úmbita	15	Boyacá	85	14	85	184	0.437834473406587
15861	Ventaquemada	15	Boyacá	216	38	218	472	1.12198235288738
15879	Viracachá	15	Boyacá	24	5	33	62	0.147762455123144
15897	Zetaquira	15	Boyacá	37	8	55	100	0.237813704226287
17001	Manizales	17	Caldas	363	2484	9117	11964	44.844560699075
17013	Aguadas	17	Caldas	709	85	240	1034	3.87600567791022
17042	Anserma	17	Caldas	267	41	407	715	2.680698711996
17050	Aranzazu	17	Caldas	247	22	148	417	1.56473071555446
17088	Belalcázar	17	Caldas	186	18	128	332	1.24341449021597
17174	Chinchiná	17	Caldas	265	823	1107	2195	8.22621603681373
17272	Filadelfia	17	Caldas	55	11	122	188	0.703953122047318
17380	La Dorada	17	Caldas	37	126	1872	2036	7.6312203469537
17388	La Merced	17	Caldas	47	7	68	122	0.456639390924942
17433	Manzanares	17	Caldas	193	24	202	419	1.57111723338597
17442	Marmato	17	Caldas	533	9	121	662	2.48306294776601
17444	Marquetalia	17	Caldas	63	13	148	224	0.83787355125025
17446	Marulanda	17	Caldas	18	3	38	59	0.220880471701911
17486	Neira	17	Caldas	376	36	258	670	2.51248240879766
17495	Norcasia	17	Caldas	52	8	82	141	0.529672995530728
17513	Pácora	17	Caldas	379	31	179	589	2.20754629070656
17524	Palestina	17	Caldas	160	29	352	540	2.02486833309512
17541	Pensilvania	17	Caldas	88	27	224	339	1.27217104140206
17614	Riosucio	17	Caldas	75	66	550	692	2.59233009693228
17616	Risaralda	17	Caldas	307	24	133	465	1.74332923183734
17653	Salamina	17	Caldas	191	58	221	469	1.75917487396612
17662	Samaná	17	Caldas	79	18	222	320	1.19913338684611
17665	San José	17	Caldas	84	8	65	157	0.589715841468911
17777	Supía	17	Caldas	115	31	370	516	1.93503115215077
17867	Victoria	17	Caldas	54	10	114	179	0.669589735853088
17873	Villamaría	17	Caldas	130	59	752	941	3.52584764485842
17877	Viterbo	17	Caldas	124	16	153	293	1.09873357095934
18001	Florencia	18	Caquetá	69	246	2707	3022	46.5783082926594
18029	Albania	18	Caquetá	27	5	46	78	1.20509175585897
18094	Belén de los Andaquíes	18	Caquetá	46	9	80	134	2.0682500048749
18150	Cartagena del Chairá	18	Caquetá	194	26	178	397	6.12429669071981
18205	Curillo	18	Caquetá	38	8	85	131	2.02160034452271
18247	El Doncello	18	Caquetá	45	15	177	238	3.66095104310848
18256	El Paujíl	18	Caquetá	42	11	118	171	2.63867729829539
18410	La Montañita	18	Caquetá	41	10	101	152	2.34913492855128
18460	Milán	18	Caquetá	65	9	72	146	2.25781495452699
18479	Morelia	18	Caquetá	15	4	39	58	0.895731919942627
18592	Puerto Rico	18	Caquetá	126	128	217	471	7.25883669919741
18610	San José del Fragua	18	Caquetá	66	11	91	167	2.57897636324309
18753	San Vicente del Caguán	18	Caquetá	442	69	462	972	14.9833752411673
18756	Solano	18	Caquetá	59	8	75	142	2.19062892704394
18785	Solita	18	Caquetá	34	6	57	96	1.48397714267619
18860	Valparaíso	18	Caquetá	35	7	68	111	1.70434839361152
19001	Popayán	19	Cauca	104	895	6718	7717	26.9951910799681
19022	Almaguer	19	Cauca	99	19	114	231	0.809662094576223
19050	Argelia	19	Cauca	55	16	160	231	0.806710382719815
19075	Balboa	19	Cauca	117	27	199	343	1.20041508699136
19100	Bolívar	19	Cauca	151	35	240	426	1.48927960308899
19110	Buenos Aires	19	Cauca	218	37	308	564	1.97315314588481
19130	Cajibío	19	Cauca	174	39	247	460	1.61047441102913
19137	Caldono	19	Cauca	159	35	233	427	1.49366120110913
19142	Caloto	19	Cauca	468	1435	362	2266	7.92606586258992
19212	Corinto	19	Cauca	126	30	223	379	1.32537616157947
19256	El Tambo	19	Cauca	670	81	318	1069	3.73905800896466
19290	Florencia	19	Cauca	35	6	40	82	0.286045099228598
19300	Guachené	19	Cauca	189	387	178	754	2.63793286468325
19318	Guapí	19	Cauca	128	27	242	397	1.38871865355844
19355	Inzá	19	Cauca	169	29	164	362	1.26554444434326
19364	Jambaló	19	Cauca	37	14	119	171	0.596698711503949
19392	La Sierra	19	Cauca	115	16	74	205	0.718691097216067
19397	La Vega	19	Cauca	83	19	127	229	0.800777162839179
19418	López de Micay	19	Cauca	26	10	105	140	0.491377451676386
19450	Mercaderes	19	Cauca	161	29	172	363	1.26914761406925
19455	Miranda	19	Cauca	187	625	402	1213	4.24389571416044
19473	Morales	19	Cauca	266	46	258	569	1.99003111608526
19513	Padilla	19	Cauca	86	15	97	198	0.693496957751971
19517	Páez	19	Cauca	227	45	288	560	1.96065493505536
19532	Patía	19	Cauca	193	43	294	529	1.85220106299029
19533	Piamonte	19	Cauca	73	10	91	174	0.607556613718985
19548	Piendamó - Tunía	19	Cauca	225	52	376	652	2.28059593930429
19573	Puerto Tejada	19	Cauca	90	497	513	1100	3.84913174475368
19585	Puracé	19	Cauca	55	16	119	190	0.666268839127799
19622	Rosas	19	Cauca	47	12	89	148	0.519283644010458
19693	San Sebastián	19	Cauca	68	12	65	145	0.507901818049974
19698	Santander de Quilichao	19	Cauca	577	1296	1324	3197	11.1817591759199
19701	Santa Rosa	19	Cauca	19	4	37	60	0.211387014041705
19743	Silvia	19	Cauca	43	29	269	341	1.19407748424528
19760	Sotara	19	Cauca	68	11	81	161	0.562597408633138
19780	Suárez	19	Cauca	102	39	352	494	1.72681250195989
19785	Sucre	19	Cauca	56	10	58	124	0.434561132339026
19807	Timbío	19	Cauca	138	37	274	449	1.56946421676098
19809	Timbiquí	19	Cauca	13	12	150	175	0.612857125629627
19821	Toribío	19	Cauca	65	29	243	336	1.17581158393783
19824	Totoró	19	Cauca	80	20	139	239	0.837102401845923
19845	Villa Rica	19	Cauca	101	384	230	714	2.49857143205819
20001	Valledupar	20	Cesar	280	939	7567	8786	28.4791779015495
20011	Aguachica	20	Cesar	169	436	1076	1681	5.44849447248183
20013	Agustín Codazzi	20	Cesar	2678	98	564	3340	10.8257324302313
20032	Astrea	20	Cesar	71	18	148	237	0.769315187011604
20045	Becerril	20	Cesar	4394	27	191	4612	14.9504195470461
20060	Bosconia	20	Cesar	78	37	356	471	1.52683993065826
20175	Chimichagua	20	Cesar	223	38	228	490	1.58718084111481
20178	Chiriguaná	20	Cesar	92	30	267	389	1.26073129856698
20228	Curumaní	20	Cesar	118	37	322	477	1.54771182715475
20238	El Copey	20	Cesar	211	137	266	614	1.99002979579109
20250	El Paso	20	Cesar	616	37	373	1026	3.32590311232357
20295	Gamarra	20	Cesar	58	16	138	212	0.686665659744515
20310	González	20	Cesar	31	5	31	68	0.219385332479666
20383	La Gloria	20	Cesar	138	128	172	439	1.42166216844885
20400	La Jagua de Ibirico	20	Cesar	2437	52	388	2877	9.3257268201623
20443	Manaure Balcón del Cesar	20	Cesar	51	10	63	123	0.400222431594109
20517	Pailitas	20	Cesar	56	20	176	251	0.812656069009879
20550	Pelaya	20	Cesar	180	30	183	394	1.27575806516733
20570	Pueblo Bello	20	Cesar	152	29	188	368	1.19347104561372
20614	Río de Oro	20	Cesar	209	26	137	372	1.20539125395223
20621	La Paz	20	Cesar	438	70	218	725	2.34999368638763
20710	San Alberto	20	Cesar	308	183	321	811	2.62967180888078
20750	San Diego	20	Cesar	79	21	172	272	0.882578166381736
20770	San Martín	20	Cesar	1276	37	277	1591	5.15550741341333
20787	Tamalameque	20	Cesar	105	17	103	225	0.72977373483415
23001	Montería	23	Córdoba	496	627	7493	8617	29.5611372455305
23068	Ayapel	23	Córdoba	581	33	302	917	3.14560264635319
23079	Buenavista	23	Córdoba	137	17	147	301	1.03093059015946
23090	Canalete	23	Córdoba	185	18	116	319	1.0953685403147
23162	Cereté	23	Córdoba	188	146	1157	1492	5.11698468656255
23168	Chimá	23	Córdoba	63	10	96	169	0.579580595649762
23182	Chinú	23	Córdoba	170	31	319	520	1.78360821117242
23189	Ciénaga de Oro	23	Córdoba	289	987	408	1684	5.77808608213062
23300	Cotorra	23	Córdoba	64	12	133	210	0.719658620236279
23350	La Apartada	23	Córdoba	37	10	130	177	0.605788512913687
23417	Lorica	23	Córdoba	293	107	1491	1891	6.48699960029139
23419	Los Córdobas	23	Córdoba	121	15	131	268	0.918660341756494
23464	Momil	23	Córdoba	39	11	132	183	0.626934883146981
23466	Montelíbano	23	Córdoba	329	1791	889	3008	10.320168103261
23500	Moñitos	23	Córdoba	74	17	202	292	1.00342660339666
23555	Planeta Rica	23	Córdoba	244	211	541	997	3.42023664765354
23570	Pueblo Nuevo	23	Córdoba	142	25	276	442	1.51687650422716
23574	Puerto Escondido	23	Córdoba	114	17	161	293	1.00459041962732
23580	Puerto Libertador	23	Córdoba	246	27	359	632	2.16721835295074
23586	Purísima de la Concepción	23	Córdoba	25	10	127	161	0.553252972444645
23660	Sahagún	23	Córdoba	184	93	1215	1492	5.11781109465902
23670	San Andrés de Sotavento	23	Córdoba	42	21	282	345	1.18231622457107
23672	San Antero	23	Córdoba	56	19	235	310	1.06293343625711
23675	San Bernardo del Viento	23	Córdoba	74	19	227	320	1.09896557308328
23678	San Carlos	23	Córdoba	156	20	162	337	1.15587454737488
23682	San José de Uré	23	Córdoba	275	6	74	354	1.21592414648671
23686	San Pelayo	23	Córdoba	91	25	282	398	1.36383341691472
23807	Tierralta	23	Córdoba	626	123	1460	2209	7.57700022213205
23815	Tuchín	23	Córdoba	39	16	253	308	1.05727937246413
23855	Valencia	23	Córdoba	242	29	234	505	1.73295180627789
25001	Agua de Dios	25	Cundinamarca	33	15	171	219	0.224813677308155
25019	Albán	25	Cundinamarca	146	36	70	252	0.259028221228083
25035	Anapoima	25	Cundinamarca	445	45	359	848	0.871470316145548
25040	Anolaima	25	Cundinamarca	131	18	158	307	0.315433412829651
25053	Arbeláez	25	Cundinamarca	229	20	119	369	0.378695304107956
25086	Beltrán	25	Cundinamarca	24	3	22	49	0.0500012757446249
25095	Bituima	25	Cundinamarca	71	5	26	102	0.104590822446139
25099	Bojacá	25	Cundinamarca	125	16	138	280	0.287328851899387
25120	Cabrera	25	Cundinamarca	398	23	47	469	0.481393756660081
25123	Cachipay	25	Cundinamarca	548	36	122	707	0.726219621289318
25126	Cajicá	25	Cundinamarca	81	1404	1388	2872	2.95054239315896
25148	Caparrapí	25	Cundinamarca	235	20	106	361	0.371266184046113
25151	Cáqueza	25	Cundinamarca	235	26	202	464	0.476245768020047
25154	Carmen de Carupa	25	Cundinamarca	96	10	68	174	0.178912102960958
25168	Chaguaní	25	Cundinamarca	56	6	37	99	0.101494368897885
25175	Chía	25	Cundinamarca	52	545	4430	5027	5.16439668178802
25178	Chipaque	25	Cundinamarca	27	9	101	136	0.13995977109275
25181	Choachí	25	Cundinamarca	110	15	121	245	0.252139597614661
25183	Chocontá	25	Cundinamarca	162	31	229	422	0.433372201574291
25200	Cogua	25	Cundinamarca	82	616	318	1017	1.04459882844372
25214	Cota	25	Cundinamarca	68	1557	2945	4569	4.69400098392771
25224	Cucunubá	25	Cundinamarca	229	7	85	322	0.330482121139513
25245	El Colegio	25	Cundinamarca	294	39	345	678	0.696600071730725
25258	El Peñón	25	Cundinamarca	101	8	42	152	0.155671817662049
25260	El Rosal	25	Cundinamarca	124	42	303	469	0.482109411495951
25269	Facatativá	25	Cundinamarca	158	2365	2301	4824	4.95510759494788
25279	Fómeque	25	Cundinamarca	380	29	128	537	0.552028699498926
25281	Fosca	25	Cundinamarca	103	9	53	166	0.170233575311198
25286	Funza	25	Cundinamarca	110	2465	2224	4798	4.92911470632027
25288	Fúquene	25	Cundinamarca	123	92	57	272	0.27972130679621
25290	Fusagasugá	25	Cundinamarca	682	231	2373	3285	3.37455624877393
25293	Gachalá	25	Cundinamarca	47	6	47	101	0.103243949256465
25295	Gachancipá	25	Cundinamarca	42	151	337	530	0.544300235669541
25297	Gachetá	25	Cundinamarca	36	9	94	138	0.142153177220646
25299	Gama	25	Cundinamarca	20	2	28	51	0.0519530149832702
25307	Girardot	25	Cundinamarca	22	161	2451	2634	2.70615131195429
25312	Granada	25	Cundinamarca	77	11	110	198	0.203020134951344
25317	Guachetá	25	Cundinamarca	219	138	182	539	0.55360243349409
25320	Guaduas	25	Cundinamarca	396	49	416	861	0.884837322131917
25322	Guasca	25	Cundinamarca	56	17	189	262	0.269268237113833
25324	Guataquí	25	Cundinamarca	15	3	29	47	0.0480225383116855
25326	Guatavita	25	Cundinamarca	105	12	96	213	0.219256220528803
25328	Guayabal de Síquima	25	Cundinamarca	101	9	44	154	0.157810070410516
25335	Guayabetal	25	Cundinamarca	94	10	69	173	0.177526495116904
25339	Gutiérrez	25	Cundinamarca	85	7	33	125	0.128231700405555
25368	Jerusalén	25	Cundinamarca	95	6	25	126	0.129299387849744
25372	Junín	25	Cundinamarca	97	10	68	175	0.179355483444478
25377	La Calera	25	Cundinamarca	142	165	468	775	0.796004606642982
25386	La Mesa	25	Cundinamarca	912	131	1517	2560	2.63020375065865
25394	La Palma	25	Cundinamarca	92	12	91	195	0.199943812879869
25398	La Peña	25	Cundinamarca	57	7	49	113	0.115914393919403
25402	La Vega	25	Cundinamarca	138	24	238	400	0.410888086532088
25407	Lenguazaque	25	Cundinamarca	198	137	112	447	0.458854306444871
25426	Machetá	25	Cundinamarca	72	8	58	138	0.142014417607587
25430	Madrid	25	Cundinamarca	219	844	1725	2788	2.86364972399969
25436	Manta	25	Cundinamarca	63	6	35	104	0.106343180409941
25438	Medina	25	Cundinamarca	67	9	76	151	0.155626955393878
25473	Mosquera	25	Cundinamarca	433	1756	2270	4459	4.58071678413318
25483	Nariño	25	Cundinamarca	8	3	30	41	0.0416624785065811
25486	Nemocón	25	Cundinamarca	45	16	183	244	0.250247569568423
25488	Nilo	25	Cundinamarca	66	17	205	287	0.294890884580867
25489	Nimaima	25	Cundinamarca	28	5	44	76	0.0780600005331129
25491	Nocaima	25	Cundinamarca	72	8	67	147	0.150973817241084
25506	Venecia	25	Cundinamarca	206	14	43	263	0.269853862037415
25513	Pacho	25	Cundinamarca	399	40	272	711	0.730119675993436
25518	Paime	25	Cundinamarca	68	6	33	107	0.109467247938895
25524	Pandi	25	Cundinamarca	586	33	48	667	0.68509492420211
25530	Paratebueno	25	Cundinamarca	197	17	103	316	0.325082960617135
25535	Pasca	25	Cundinamarca	202	17	93	312	0.321006683982018
25572	Puerto Salgar	25	Cundinamarca	209	28	274	511	0.524460676926324
25580	Pulí	25	Cundinamarca	46	5	29	79	0.0811165063688794
25592	Quebradanegra	25	Cundinamarca	45	6	54	105	0.107836233144562
25594	Quetame	25	Cundinamarca	93	9	57	159	0.163168316450249
25596	Quipile	25	Cundinamarca	218	16	61	295	0.303113288948353
25599	Apulo	25	Cundinamarca	282	22	113	417	0.427883260314297
25612	Ricaurte	25	Cundinamarca	61	25	352	438	0.450141247786012
25645	San Antonio del Tequendama	25	Cundinamarca	98	18	193	309	0.317924652066832
25649	San Bernardo	25	Cundinamarca	1013	57	90	1161	1.19213968873256
25653	San Cayetano	25	Cundinamarca	136	10	37	182	0.187329158610465
25658	San Francisco	25	Cundinamarca	118	16	127	261	0.267793422693198
25662	San Juan de Rioseco	25	Cundinamarca	169	15	91	276	0.283356083007049
25718	Sasaima	25	Cundinamarca	283	23	117	423	0.434338993188791
25736	Sesquilé	25	Cundinamarca	128	245	194	568	0.583306748766625
25740	Sibaté	25	Cundinamarca	154	647	561	1362	1.39950027255819
25743	Silvania	25	Cundinamarca	337	36	266	639	0.656925250274326
25745	Simijaca	25	Cundinamarca	74	74	164	312	0.320302587774669
25754	Soacha	25	Cundinamarca	17	1582	8355	9954	10.2248590024852
25758	Sopó	25	Cundinamarca	46	770	502	1318	1.3535651802652
25769	Subachoque	25	Cundinamarca	96	20	201	317	0.32583701047013
25772	Suesca	25	Cundinamarca	119	69	214	402	0.413308608826086
25777	Supatá	25	Cundinamarca	71	8	58	137	0.14082164972504
25779	Susa	25	Cundinamarca	80	9	61	150	0.15384285647874
25781	Sutatausa	25	Cundinamarca	147	6	77	231	0.237022586491875
25785	Tabio	25	Cundinamarca	41	22	277	340	0.349152833913372
25793	Tausa	25	Cundinamarca	719	127	98	945	0.970274814394966
25797	Tena	25	Cundinamarca	89	13	111	213	0.219078826283712
25799	Tenjo	25	Cundinamarca	251	815	954	2020	2.07550099653106
25805	Tibacuy	25	Cundinamarca	67	7	46	120	0.122782257471144
25807	Tibirita	25	Cundinamarca	27	4	33	65	0.066309797549527
25815	Tocaima	25	Cundinamarca	423	38	256	717	0.736145151028317
25817	Tocancipá	25	Cundinamarca	58	4418	2643	7120	7.31368453667172
25823	Topaipí	25	Cundinamarca	45	5	34	83	0.085348065412935
25839	Ubalá	25	Cundinamarca	154	95	1804	2053	2.10898996384918
25841	Ubaque	25	Cundinamarca	375	24	61	460	0.472049425938592
25843	Villa de San Diego de Ubaté	25	Cundinamarca	71	206	627	904	0.928935888378587
25845	Une	25	Cundinamarca	274	19	76	369	0.379558472499723
25851	Útica	25	Cundinamarca	29	5	45	78	0.0805287449372584
25862	Vergara	25	Cundinamarca	62	8	68	138	0.142241942212652
25867	Vianí	25	Cundinamarca	123	10	46	178	0.183291002369444
25871	Villagómez	25	Cundinamarca	17	2	20	40	0.0406050690238798
25873	Villapinzón	25	Cundinamarca	894	65	198	1157	1.18848911556891
25875	Villeta	25	Cundinamarca	130	37	454	621	0.638130413002313
25878	Viotá	25	Cundinamarca	357	28	139	525	0.538901258361896
25885	Yacopí	25	Cundinamarca	222	19	104	346	0.355085954158978
25898	Zipacón	25	Cundinamarca	62	7	47	117	0.119724300002257
25899	Zipaquirá	25	Cundinamarca	117	354	2147	2618	2.68911635655888
27001	Quibdó	27	Chocó	102	98	2083	2282	30.9138188948363
27006	Acandí	27	Chocó	60	5	53	118	1.59742752215112
27025	Alto Baudó	27	Chocó	50	7	106	163	2.20287098119253
27050	Atrato	27	Chocó	32	2	30	64	0.871870494703534
27073	Bagadó	27	Chocó	4	2	49	55	0.750870512980276
27075	Bahía Solano	27	Chocó	7	2	40	49	0.66740717570899
27077	Bajo Baudó	27	Chocó	7	4	89	100	1.35722383330605
27099	Bojayá	27	Chocó	9	3	51	63	0.851340505731417
27135	El Cantón del San Pablo	27	Chocó	86	1	30	118	1.59493084184911
27150	Carmen del Darién	27	Chocó	524	25	57	607	8.2179202424182
27160	Cértegui	27	Chocó	176	2	31	209	2.8364274227568
27205	Condoto	27	Chocó	92	3	60	155	2.09710667246318
27245	El Carmen de Atrato	27	Chocó	195	43	43	281	3.804421600181
27250	El Litoral del San Juan	27	Chocó	6	3	69	78	1.0584049523395
27361	Istmina	27	Chocó	81	17	319	417	5.65019601385417
27372	Juradó	27	Chocó	26	2	19	47	0.639893928449502
27413	Lloró	27	Chocó	96	2	41	140	1.89158448257708
27425	Medio Atrato	27	Chocó	80	4	39	123	1.66295356029349
27430	Medio Baudó	27	Chocó	22	3	53	79	1.06401011444347
27450	Medio San Juan	27	Chocó	165	2	47	214	2.90162317608486
27491	Nóvita	27	Chocó	160	4	35	198	2.68651757866029
27493	Nuevo Belén de Bajirá	27	Chocó	366.775934454901	17.5619695770318	46.7800732731776	431.117977305111	5.83917343784201
27495	Nuquí	27	Chocó	14	3	48	65	0.879209071610532
27580	Río Iró	27	Chocó	7	2	30	38	0.519808676236242
27600	Río Quito	27	Chocó	15	2	33	50	0.674622046480107
27615	Riosucio	27	Chocó	292	18	135	445	6.03358592374139
27660	San José del Palmar	27	Chocó	19	2	18	39	0.524317650381021
27745	Sipí	27	Chocó	25	1	20	46	0.61736376615619
27787	Tadó	27	Chocó	25	14	205	244	3.31117476640268
27800	Unguía	27	Chocó	103	6	45	154	2.0916791410509
27810	Unión Panamericana	27	Chocó	268	2	39	309	4.19024501311801
41001	Neiva	41	Huila	1013	1115	7345	9473	34.0559642380338
41006	Acevedo	41	Huila	352	47	225	625	2.24565014888711
41013	Agrado	41	Huila	83	15	94	191	0.686585137936373
41016	Aipe	41	Huila	467	35	207	709	2.54862237669493
41020	Algeciras	41	Huila	181	33	215	429	1.5417318000726
41026	Altamira	41	Huila	78	11	54	142	0.511882451581082
41078	Baraya	41	Huila	80	13	74	166	0.596629819765747
41132	Campoalegre	41	Huila	242	69	351	662	2.37905607380742
41206	Colombia	41	Huila	141	17	67	226	0.811652819433279
41244	Elías	41	Huila	48	7	40	95	0.342482069439969
41298	Garzón	41	Huila	586	107	726	1418	5.09912620190355
41306	Gigante	41	Huila	281	71	595	947	3.4031617402971
41319	Guadalupe	41	Huila	122	23	152	297	1.06680814159836
41349	Hobo	41	Huila	51	11	88	150	0.538768584881894
41357	Íquira	41	Huila	101	15	89	205	0.738366253141375
41359	Isnos	41	Huila	259	39	210	507	1.82341263861434
41378	La Argentina	41	Huila	101	18	113	232	0.834302080248871
41396	La Plata	41	Huila	468	86	569	1124	4.03926235563594
41483	Nátaga	41	Huila	98	12	53	163	0.587093776919654
41503	Oporapa	41	Huila	84	15	91	190	0.682890566042247
41518	Paicol	41	Huila	120	9	57	186	0.669043170888024
41524	Palermo	41	Huila	432	417	361	1211	4.35305661720677
41530	Palestina	41	Huila	162	20	82	264	0.94980822274367
41548	Pital	41	Huila	160	23	125	309	1.11062737143892
41551	Pitalito	41	Huila	789	239	2113	3142	11.295463185039
41615	Rivera	41	Huila	254	73	334	661	2.37599382690643
41660	Saladoblanco	41	Huila	88	15	97	200	0.719121381086607
41668	San Agustín	41	Huila	290	50	317	658	2.3638381110698
41676	Santa María	41	Huila	167	21	93	282	1.01312667213472
41770	Suaza	41	Huila	258	38	208	504	1.81299319618538
41791	Tarqui	41	Huila	139	23	141	303	1.09044809079856
41797	Tesalia	41	Huila	117	15	109	240	0.863581183313131
41799	Tello	41	Huila	184	26	132	342	1.22873188121626
41801	Teruel	41	Huila	63	11	74	148	0.531322037629369
41807	Timaná	41	Huila	131	28	208	367	1.32113806212994
41872	Villavieja	41	Huila	113	14	74	201	0.723361385290596
41885	Yaguará	41	Huila	185	56	606	847	3.04489632998716
44001	Riohacha	44	La Guajira	314	407	3214	3935	22.3894582204508
44035	Albania	44	La Guajira	629	24	253	906	5.15261135776747
44078	Barrancas	44	La Guajira	5547	25	213	5784	32.9112191528106
44090	Dibulla	44	La Guajira	117	35	306	458	2.606097547446
44098	Distracción	44	La Guajira	35	11	85	131	0.74277380469733
44110	El Molino	44	La Guajira	43	9	59	111	0.633149094324439
44279	Fonseca	44	La Guajira	70	31	281	381	2.16853357968575
44378	Hatonuevo	44	La Guajira	16	33	358	406	2.31227937773311
44420	La Jagua del Pilar	44	La Guajira	33	5	21	59	0.336492412679722
44430	Maicao	44	La Guajira	136	207	2230	2573	14.6411797158798
44560	Manaure	44	La Guajira	123	32	355	509	2.89664643278442
44650	San Juan del Cesar	44	La Guajira	134	38	297	469	2.67086940487989
44847	Uribia	44	La Guajira	17	118	1329	1464	8.33213639830237
44855	Urumita	44	La Guajira	60	11	62	132	0.750465695164331
44874	Villanueva	44	La Guajira	53	21	182	256	1.45608780539395
47001	Santa Marta	47	Magdalena	390	1039	8368	9796	42.1713111413183
47030	Algarrobo	47	Magdalena	65	12	119	196	0.843071472661392
47053	Aracataca	47	Magdalena	223	48	280	552	2.37486350172071
47058	Ariguaní	47	Magdalena	121	23	238	381	1.64169431233776
47161	Cerro de San Antonio	47	Magdalena	16	6	77	99	0.424081876723783
47170	Chivolo	47	Magdalena	63	14	147	224	0.964409498932189
47189	Ciénaga	47	Magdalena	702	249	1393	2344	10.0925684072467
47205	Concordia	47	Magdalena	50	8	72	130	0.560407912455633
47245	El Banco	47	Magdalena	91	41	497	629	2.70772364238486
47258	El Piñón	47	Magdalena	64	14	151	230	0.988020303299013
47268	El Retén	47	Magdalena	168	20	154	342	1.47436069913123
47288	Fundación	47	Magdalena	149	113	611	873	3.75854149349449
47318	Guamal	47	Magdalena	110	19	182	311	1.33901517844095
47460	Nueva Granada	47	Magdalena	171	23	189	383	1.64824452517538
47541	Pedraza	47	Magdalena	30	36	549	614	2.64478321255623
47545	Pijiño del Carmen	47	Magdalena	98	12	86	195	0.840765191917313
47551	Pivijay	47	Magdalena	197	33	327	558	2.40009080436359
47555	Plato	47	Magdalena	186	115	588	890	3.8294584664177
47570	Puebloviejo	47	Magdalena	24	15	210	249	1.0735010213507
47605	Remolino	47	Magdalena	43	8	80	131	0.564433261876559
47660	Sabanas de San Ángel	47	Magdalena	92	13	118	223	0.960055437625766
47675	Salamina	47	Magdalena	36	8	85	128	0.552224892842049
47692	San Sebastián de Buenavista	47	Magdalena	89	15	149	253	1.09089967881259
47703	San Zenón	47	Magdalena	62	9	78	149	0.642951407582238
47707	Santa Ana	47	Magdalena	100	18	189	307	1.32077691501448
47720	Santa Bárbara de Pinto	47	Magdalena	29	7	81	117	0.503618278327297
47745	Sitionuevo	47	Magdalena	170	23	192	385	1.65783109262027
47798	Tenerife	47	Magdalena	33	9	113	155	0.666467343234234
47960	Zapayán	47	Magdalena	65	9	79	153	0.660631184834653
47980	Zona Bananera	47	Magdalena	1547	131	554	2231	9.60319784530195
50001	Villavicencio	50	Meta	1203	1384	10251	12838	24.1319075468855
50006	Acacías	50	Meta	4950	144	1342	6435	12.0968977130725
50110	Barranca de Upía	50	Meta	322	72	83	477	0.897196555219488
50124	Cabuyaro	50	Meta	1931	46	87	2064	3.88068162431069
50150	Castilla la Nueva	50	Meta	3561	30	195	3786	7.11625095630368
50223	Cubarral	50	Meta	26	7	87	121	0.22688361199056
50226	Cumaral	50	Meta	270	113	287	671	1.26068271675097
50245	El Calvario	50	Meta	14	2	20	37	0.068812501629532
50251	El Castillo	50	Meta	166	17	105	287	0.539759318867263
50270	El Dorado	50	Meta	36	5	46	87	0.16408829290223
50287	Fuentedeoro	50	Meta	1193	83	162	1439	2.70423604839196
50313	Granada	50	Meta	949	143	914	2005	3.76963895332098
50318	Guamal	50	Meta	1600	18	188	1807	3.39635057140306
50325	Mapiripán	50	Meta	215	17	74	307	0.576275268106473
50330	Mesetas	50	Meta	139	16	117	272	0.512039369720785
50350	La Macarena	50	Meta	143	24	225	392	0.737056182050537
50370	Uribe	50	Meta	302	24	90	416	0.782856503825605
50400	Lejanías	50	Meta	435	36	143	614	1.15429669750929
50450	Puerto Concordia	50	Meta	312	24	81	416	0.782871938718458
50568	Puerto Gaitán	50	Meta	11634	93	634	12361	23.2356599857475
50573	Puerto López	50	Meta	1121	189	608	1918	3.60509892554782
50577	Puerto Lleras	50	Meta	385	33	141	558	1.04931022202608
50590	Puerto Rico	50	Meta	457	38	148	643	1.20779574584526
50606	Restrepo	50	Meta	99	24	259	383	0.719045246617294
50680	San Carlos de Guaroa	50	Meta	224	315	169	708	1.33065634251688
50683	San Juan de Arama	50	Meta	215	20	103	338	0.635337226978891
50686	San Juanito	50	Meta	4	1	17	23	0.0423433275683721
50689	San Martín	50	Meta	630	134	358	1122	2.10936066062599
50711	Vistahermosa	50	Meta	427	40	207	674	1.26660994554645
52001	Pasto	52	Nariño	259	816	7921	8997	36.4276890916242
52019	Albán	52	Nariño	223	15	63	302	1.22112757929017
52022	Aldana	52	Nariño	21	5	66	92	0.372008588873353
52036	Ancuyá	52	Nariño	34	5	55	93	0.377964540940375
52051	Arboleda	52	Nariño	88	7	47	143	0.577337391298026
52079	Barbacoas	52	Nariño	127	19	327	473	1.91607925843056
52083	Belén	52	Nariño	8	3	55	66	0.267483557584564
52110	Buesaco	52	Nariño	96	14	164	274	1.11073321589459
52203	Colón	52	Nariño	88	7	45	140	0.565437701110475
52207	Consacá	52	Nariño	52	6	64	122	0.495593761042505
52210	Contadero	52	Nariño	67	6	41	114	0.463116421107381
52215	Córdoba	52	Nariño	101	12	112	225	0.909710465291452
52224	Cuaspud	52	Nariño	37	5	57	99	0.402194992374469
52227	Cumbal	52	Nariño	76	14	177	267	1.0812498256078
52233	Cumbitara	52	Nariño	14	4	51	69	0.278544128650401
52240	Chachagüí	52	Nariño	115	15	158	287	1.16318409668532
52250	El Charco	52	Nariño	158	14	121	293	1.18759802031755
52254	El Peñol	52	Nariño	47	5	42	93	0.37617876500491
52256	El Rosario	52	Nariño	141	11	56	208	0.842456520118043
52258	El Tablón de Gómez	52	Nariño	58	8	82	147	0.59677398038861
52260	El Tambo	52	Nariño	102	12	118	233	0.941624779728259
52287	Funes	52	Nariño	54	5	47	107	0.431589220695562
52317	Guachucal	52	Nariño	52	91	143	285	1.15424461067449
52320	Guaitarilla	52	Nariño	83	10	105	198	0.800582574080816
52323	Gualmatán	52	Nariño	55	6	51	112	0.452050380486375
52352	Iles	52	Nariño	48	5	51	104	0.421787706082837
52354	Imués	52	Nariño	38	5	60	104	0.420297361710047
52356	Ipiales	52	Nariño	276	107	1724	2107	8.5324008377472
52378	La Cruz	52	Nariño	31	8	117	157	0.634745068401183
52381	La Florida	52	Nariño	75	7	58	140	0.566948572682302
52385	La Llanada	52	Nariño	13	3	40	56	0.226141650987209
52390	La Tola	52	Nariño	3	2	41	46	0.186122499650872
52399	La Unión	52	Nariño	123	20	239	382	1.54507695478246
52405	Leiva	52	Nariño	50	6	64	120	0.487238891358908
52411	Linares	52	Nariño	64	7	64	135	0.544811681974184
52418	Los Andes	52	Nariño	25	5	58	88	0.354638459767651
52427	Magüí	52	Nariño	9	6	99	114	0.463348558200538
52435	Mallama	52	Nariño	34	5	53	92	0.37117436979453
52473	Mosquera	52	Nariño	5	3	56	65	0.262918703030329
52480	Nariño	52	Nariño	10	2	30	42	0.168263222612777
52490	Olaya Herrera	52	Nariño	40	8	118	167	0.677143832633518
52506	Ospina	52	Nariño	51	5	39	95	0.384587089625937
52520	Francisco Pizarro	52	Nariño	15	4	61	79	0.321472794723107
52540	Policarpa	52	Nariño	32	7	88	126	0.510639424019796
52560	Potosí	52	Nariño	304	20	67	391	1.58414172629646
52565	Providencia	52	Nariño	12	2	31	46	0.186239716325413
52573	Puerres	52	Nariño	50	7	74	131	0.530024636346841
52585	Pupiales	52	Nariño	130	17	124	271	1.09850153498433
52612	Ricaurte	52	Nariño	63	11	132	206	0.832197386282581
52621	Roberto Payán	52	Nariño	57	4	56	117	0.472084374227134
52678	Samaniego	52	Nariño	158	20	204	381	1.54281431053465
52683	Sandoná	52	Nariño	90	13	152	256	1.03573420322918
52685	San Bernardo	52	Nariño	28	4	51	83	0.33506815669077
52687	San Lorenzo	52	Nariño	148	13	97	258	1.04532678499736
52693	San Pablo	52	Nariño	63	9	106	178	0.722389058638757
52694	San Pedro de Cartago	52	Nariño	53	5	36	94	0.379324457220657
52696	Santa Bárbara	52	Nariño	60	5	69	134	0.54293618265913
52699	Santacruz	52	Nariño	14	4	64	82	0.333899941056375
52720	Sapuyes	52	Nariño	47	17	40	104	0.419970204287867
52786	Taminango	52	Nariño	71	11	121	203	0.821303721560208
52788	Tangua	52	Nariño	88	10	78	175	0.70843080066668
52835	San Andrés de Tumaco	52	Nariño	484	209	2369	3062	12.397719318034
52838	Túquerres	52	Nariño	264	36	375	675	2.73375532266385
52885	Yacuanquer	52	Nariño	118	10	66	194	0.785827016212097
54001	Cúcuta	54	Norte De Santander	405	2110	11673	14188	54.305953972964
54003	Ábrego	54	Norte De Santander	443	55	235	734	2.80801622924843
54051	Arboledas	54	Norte De Santander	56	9	60	125	0.47982216751639
54099	Bochalema	54	Norte De Santander	81	11	76	168	0.642928096890382
54109	Bucarasica	54	Norte De Santander	34	6	42	83	0.316942106261397
54125	Cácota	54	Norte De Santander	15	3	24	42	0.161768537616021
54128	Cáchira	54	Norte De Santander	58	11	79	149	0.569320744821379
54172	Chinácota	54	Norte De Santander	94	26	222	342	1.30766501418225
54174	Chitagá	54	Norte De Santander	63	12	82	156	0.596582960263425
54206	Convención	54	Norte De Santander	102	19	128	249	0.954805545577564
54223	Cucutilla	54	Norte De Santander	58	9	50	118	0.449765497071122
54239	Durania	54	Norte De Santander	48	6	39	93	0.354488582969264
54245	El Carmen	54	Norte De Santander	138	19	93	251	0.959789103106082
54250	El Tarra	54	Norte De Santander	36	15	147	198	0.757777475659852
54261	El Zulia	54	Norte De Santander	267	101	297	665	2.5438212071494
54313	Gramalote	54	Norte De Santander	29	6	48	83	0.318672695932663
54344	Hacarí	54	Norte De Santander	41	8	60	109	0.418816101984202
54347	Herrán	54	Norte De Santander	14	4	41	60	0.230478698824247
54377	Labateca	54	Norte De Santander	60	8	41	109	0.417282895176391
54385	La Esperanza	54	Norte De Santander	218	23	81	323	1.23472015215653
54398	La Playa	54	Norte De Santander	108	13	52	172	0.659194857529711
54405	Los Patios	54	Norte De Santander	74	135	698	908	3.4741526704981
54418	Lourdes	54	Norte De Santander	48	7	34	89	0.339831346464254
54480	Mutiscua	54	Norte De Santander	47	7	36	90	0.344078693909566
54498	Ocaña	54	Norte De Santander	299	115	1063	1477	5.65258146030605
54518	Pamplona	54	Norte De Santander	45	44	469	558	2.13604690970148
54520	Pamplonita	54	Norte De Santander	43	7	45	95	0.363011592923143
54553	Puerto Santander	54	Norte De Santander	35	11	105	151	0.577738347343345
54599	Ragonvalia	54	Norte De Santander	45	8	48	101	0.386032941392985
54660	Salazar	54	Norte De Santander	45	9	71	124	0.475966651299037
54670	San Calixto	54	Norte De Santander	88	13	70	171	0.652655420538121
54673	San Cayetano	54	Norte De Santander	63	34	322	418	1.60186334991651
54680	Santiago	54	Norte De Santander	26	4	28	58	0.221340182765798
54720	Sardinata	54	Norte De Santander	450	27	209	686	2.62649185573076
54743	Silos	54	Norte De Santander	78	11	51	139	0.533707858499171
54800	Teorama	54	Norte De Santander	69	14	105	188	0.721059297340043
54810	Tibú	54	Norte De Santander	557	74	436	1067	4.08464834126264
54820	Toledo	54	Norte De Santander	88	16	113	217	0.831107673916517
54871	Villa Caro	54	Norte De Santander	21	5	34	59	0.225810129407228
54874	Villa del Rosario	54	Norte De Santander	57	144	912	1114	4.26326263388446
63001	Armenia	63	Quindío	497	707	5824	7028	50.532974828563
63111	Buenavista	63	Quindío	148	10	37	196	1.41021887082942
63130	Calarcá	63	Quindío	368	74	829	1271	9.13746965990852
63190	Circasia	63	Quindío	153	31	387	572	4.11435557590173
63212	Córdoba	63	Quindío	61	7	55	123	0.882556391982007
63272	Filandia	63	Quindío	134	17	157	308	2.21327912372324
63302	Génova	63	Quindío	216	17	87	321	2.30828597817974
63401	La Tebaida	63	Quindío	475	263	464	1201	8.63603693559143
63470	Montenegro	63	Quindío	691	67	487	1245	8.95259403752428
63548	Pijao	63	Quindío	289	20	68	378	2.71653723412168
63594	Quimbaya	63	Quindío	403	53	524	981	7.05108712836781
63690	Salento	63	Quindío	110	15	158	284	2.04460423530721
66001	Pereira	66	Risaralda	964	3238	10966	15168	57.8453097626028
66045	Apía	66	Risaralda	210	27	166	403	1.53546208207852
66075	Balboa	66	Risaralda	143	203	87	433	1.6527680307497
66088	Belén de Umbría	66	Risaralda	375	53	362	789	3.01067817552275
66170	Dosquebradas	66	Risaralda	59	987	3740	4786	18.2515897265463
66318	Guática	66	Risaralda	247	31	183	461	1.75857739847862
66383	La Celia	66	Risaralda	103	15	102	220	0.837326906655412
66400	La Virginia	66	Risaralda	26	37	467	531	2.02423978107941
66440	Marsella	66	Risaralda	183	29	220	432	1.64765185008908
66456	Mistrató	66	Risaralda	46	18	191	256	0.974379475115316
66572	Pueblo Rico	66	Risaralda	54	18	186	258	0.984115494847424
66594	Quinchía	66	Risaralda	213	35	334	583	2.22175311094049
66682	Santa Rosa de Cabal	66	Risaralda	283	214	1084	1582	6.03298712812628
66687	Santuario	66	Risaralda	113	22	186	321	1.22316107716787
68001	Bucaramanga	68	Santander	97	4255	18832	23184	24.9105850960463
68013	Aguada	68	Santander	5	2	19	26	0.0277342151531489
68020	Albania	68	Santander	80	15	158	253	0.271514581652931
68051	Aratoca	68	Santander	91	28	286	406	0.436308223560058
68077	Barbosa	68	Santander	91	45	593	730	0.784246706382243
68079	Barichara	68	Santander	71	16	169	256	0.274783144800579
68081	Barrancabermeja	68	Santander	2448	14511	5051	22010	23.6491008306506
68092	Betulia	68	Santander	85	500	87	672	0.721991484855869
68101	Bolívar	68	Santander	128	16	119	263	0.282484474707257
68121	Cabrera	68	Santander	14	3	26	43	0.0457035047829
68132	California	68	Santander	18	3	29	50	0.0533568965693917
68147	Capitanejo	68	Santander	65	9	81	156	0.167240397129708
68152	Carcasí	68	Santander	24	5	45	74	0.0797569281520816
68160	Cepitá	68	Santander	7	2	20	29	0.0311683305949597
68162	Cerrito	68	Santander	55	9	76	139	0.149643410216807
68167	Charalá	68	Santander	60	16	176	253	0.271506237213232
68169	Charta	68	Santander	30	4	34	68	0.0734588461963046
68176	Chima	68	Santander	43	5	34	82	0.0882284096970543
68179	Chipatá	68	Santander	35	6	52	93	0.0996155833767583
68190	Cimitarra	68	Santander	212	394	682	1288	1.38439834010215
68207	Concepción	68	Santander	53	8	67	128	0.137798629239965
68209	Confines	68	Santander	60	6	36	102	0.109606811903673
68211	Contratación	68	Santander	9	4	53	66	0.0713736005259039
68217	Coromoro	68	Santander	39	6	54	99	0.106730042788238
68229	Curití	68	Santander	153	21	160	333	0.357978811829773
68235	El Carmen de Chucurí	68	Santander	182	26	207	415	0.4462919677156
68245	El Guacamayo	68	Santander	10	3	28	41	0.044063817790373
68250	El Peñón	68	Santander	14	4	49	67	0.0717538283662621
68255	El Playón	68	Santander	153	22	185	359	0.386162874003493
68264	Encino	68	Santander	18	3	29	50	0.0534436241619706
68266	Enciso	68	Santander	27	4	41	73	0.0781671455641074
68271	Florián	68	Santander	47	7	57	110	0.118447048302025
68276	Floridablanca	68	Santander	114	1514	5951	7580	8.14448080142217
68296	Galán	68	Santander	29	4	38	71	0.0760584439038219
68298	Gámbita	68	Santander	28	5	49	82	0.0884168399958435
68307	Girón	68	Santander	2135	2374	3889	8399	9.02412476635133
68318	Guaca	68	Santander	54	9	79	142	0.1529212809577
68320	Guadalupe	68	Santander	47	7	55	109	0.116919720702991
68322	Guapotá	68	Santander	28	4	31	63	0.0677596081484121
68324	Guavatá	68	Santander	33	9	51	93	0.100277812291709
68327	Güepsa	68	Santander	20	6	71	98	0.104852129589311
68344	Hato	68	Santander	20	3	28	52	0.0556667411642634
68368	Jesús María	68	Santander	21	4	42	68	0.072529196984178
68370	Jordán	68	Santander	11	2	15	28	0.0298457827899937
68377	La Belleza	68	Santander	25	7	80	113	0.121089826211517
68385	Landázuri	68	Santander	114	16	149	279	0.299451215990093
68397	La Paz	68	Santander	19	5	56	81	0.0866370438105823
68406	Lebrija	68	Santander	3334	466	763	4563	4.90233408924922
68418	Los Santos	68	Santander	347	36	212	595	0.639199015870727
68425	Macaravita	68	Santander	7	2	27	36	0.0384492130142003
68432	Málaga	68	Santander	37	26	345	407	0.437529087302407
68444	Matanza	68	Santander	72	10	57	139	0.149574248363808
68464	Mogotes	68	Santander	103	15	122	241	0.258749842706059
68468	Molagavita	68	Santander	47	6	48	101	0.108401041465149
68498	Ocamonte	68	Santander	51	7	59	118	0.126686434967997
68500	Oiba	68	Santander	55	13	140	208	0.22402300373894
68502	Onzaga	68	Santander	18	5	54	77	0.083232489912233
68522	Palmar	68	Santander	10	2	18	29	0.0315983502314569
68524	Palmas del Socorro	68	Santander	106	9	32	147	0.158176559607333
68533	Páramo	68	Santander	123	11	53	187	0.201068673692239
68547	Piedecuesta	68	Santander	678	835	3206	4719	5.07012823648004
68549	Pinchote	68	Santander	59	9	72	139	0.149780834819148
68572	Puente Nacional	68	Santander	89	18	186	293	0.315067890635363
68573	Puerto Parra	68	Santander	81	78	161	320	0.343864479597374
68575	Puerto Wilches	68	Santander	849	337	553	1739	1.86861952339103
68615	Rionegro	68	Santander	1523	110	361	1993	2.14155485128776
68655	Sabana de Torres	68	Santander	640	76	491	1207	1.29696019973147
68669	San Andrés	68	Santander	36	9	103	149	0.160237456989068
68673	San Benito	68	Santander	153	12	32	197	0.211528395109497
68679	San Gil	68	Santander	214	110	1150	1474	1.58361842795486
68682	San Joaquín	68	Santander	11	3	32	46	0.0496315008615088
68684	San José de Miranda	68	Santander	78	8	43	128	0.137995852504386
68686	San Miguel	68	Santander	23	3	27	53	0.0566322621609602
68689	San Vicente de Chucurí	68	Santander	456	49	420	925	0.994365761534927
68705	Santa Bárbara	68	Santander	11	3	30	44	0.0471693564790399
68720	Santa Helena del Opón	68	Santander	21	4	40	65	0.0695801272075786
68745	Simacota	68	Santander	117	15	116	248	0.266219929006261
68755	Socorro	68	Santander	239	59	650	948	1.01853599201016
68770	Suaita	68	Santander	196	22	146	364	0.390881136941379
68773	Sucre	68	Santander	16	6	73	95	0.102035650905767
68780	Suratá	68	Santander	21	4	44	69	0.0738031726386229
68820	Tona	68	Santander	468	35	96	599	0.643972267236536
68855	Valle de San José	68	Santander	72	11	89	172	0.184918440683591
68861	Vélez	68	Santander	151	38	347	536	0.576192170767621
68867	Vetas	68	Santander	12	2	29	43	0.0463743923986936
68872	Villanueva	68	Santander	75	15	112	201	0.215790166269971
68895	Zapatoca	68	Santander	113	17	149	279	0.299844419930012
70001	Sincelejo	70	Sucre	98	584	5022	5705	43.2371212758294
70110	Buenavista	70	Sucre	28	13	120	161	1.22344574733548
70124	Caimito	70	Sucre	50	11	89	150	1.13318884574668
70204	Colosó	70	Sucre	13	5	47	66	0.496999766914219
70215	Corozal	70	Sucre	141	184	529	854	6.46941062273128
70221	Coveñas	70	Sucre	9	28	313	350	2.65022068222231
70230	Chalán	70	Sucre	10	4	36	50	0.377415430397315
70233	El Roble	70	Sucre	20	6	53	80	0.604048710595092
70235	Galeras	70	Sucre	58	18	147	223	1.69247876622839
70265	Guaranda	70	Sucre	68	16	117	201	1.52515730382397
70400	La Unión	70	Sucre	60	9	75	144	1.08992707311742
70418	Los Palmitos	70	Sucre	45	27	161	233	1.76878077498762
70429	Majagual	70	Sucre	173	33	210	416	3.15461026872027
70473	Morroa	70	Sucre	20	11	103	134	1.01449380280446
70508	Ovejas	70	Sucre	124	44	142	310	2.35325079033732
70523	Palmito	70	Sucre	63	14	95	171	1.29460744793477
70670	Sampués	70	Sucre	72	33	298	403	3.05230618582879
70678	San Benito Abad	70	Sucre	72	20	151	242	1.83417409908345
70702	San Juan de Betulia	70	Sucre	56	13	89	158	1.19678779856109
70708	San Marcos	70	Sucre	94	82	443	619	4.68888004937202
70713	San Onofre	70	Sucre	109	39	339	487	3.69069354406729
70717	San Pedro	70	Sucre	86	18	120	224	1.69686740519179
70742	San Luis de Sincé	70	Sucre	106	28	220	354	2.68500472076671
70771	Sucre	70	Sucre	58	18	158	233	1.76853118051728
70820	Santiago de Tolú	70	Sucre	33	36	386	456	3.45519291921694
70823	Tolú Viejo	70	Sucre	41	554	176	771	5.8464047876687
73001	Ibagué	73	Tolima	806	2031	10822	13659	39.4406045462328
73024	Alpujarra	73	Tolima	71	8	44	122	0.352928681470394
73026	Alvarado	73	Tolima	167	24	101	292	0.843312124277429
73030	Ambalema	73	Tolima	82	10	73	165	0.476548840226515
73043	Anzoátegui	73	Tolima	179	17	89	285	0.823513252397632
73055	Armero	73	Tolima	169	19	123	311	0.898497924884956
73067	Ataco	73	Tolima	225	25	170	420	1.2131288629614
73124	Cajamarca	73	Tolima	231	27	188	446	1.28700738082992
73148	Carmen de Apicalá	73	Tolima	11	12	166	189	0.545860501086991
73152	Casabianca	73	Tolima	150	14	61	225	0.648817148291466
73168	Chaparral	73	Tolima	376	50	530	956	2.75949789630626
73200	Coello	73	Tolima	115	496	92	703	2.03098270307606
73217	Coyaima	73	Tolima	107	20	195	323	0.932987944128068
73226	Cunday	73	Tolima	67	10	77	154	0.445645600735306
73236	Dolores	73	Tolima	93	11	79	184	0.529869383856966
73268	Espinal	73	Tolima	379	802	1569	2749	7.93787214507933
73270	Falan	73	Tolima	173	14	71	258	0.743808431291947
73275	Flandes	73	Tolima	99	62	364	526	1.51809871480594
73283	Fresno	73	Tolima	698	67	336	1101	3.17894176583431
73319	Guamo	73	Tolima	962	83	322	1366	3.94527948226864
73347	Herveo	73	Tolima	199	18	84	301	0.869482130584753
73349	Honda	73	Tolima	27	23	297	347	1.00171244897385
73352	Icononzo	73	Tolima	255	24	109	388	1.11903209110932
73408	Lérida	73	Tolima	121	21	189	331	0.954815243538451
73411	Líbano	73	Tolima	256	43	446	745	2.15196121059378
73443	San Sebastián de Mariquita	73	Tolima	211	278	480	969	2.79934072438993
73449	Melgar	73	Tolima	412	46	664	1123	3.24234919056516
73461	Murillo	73	Tolima	34	5	49	89	0.255649913238611
73483	Natagaima	73	Tolima	64	14	139	217	0.626109192518794
73504	Ortega	73	Tolima	242	31	259	531	1.53387345879201
73520	Palocabildo	73	Tolima	96	12	93	201	0.581442032078833
73547	Piedras	73	Tolima	205	15	79	300	0.864961076394797
73555	Planadas	73	Tolima	337	38	241	616	1.77781049811024
73563	Prado	73	Tolima	68	13	135	216	0.624990261465177
73585	Purificación	73	Tolima	350	167	264	780	2.25292562509598
73616	Rioblanco	73	Tolima	124	22	200	345	0.996943550089067
73622	Roncesvalles	73	Tolima	62	10	95	167	0.483309392592407
73624	Rovira	73	Tolima	254	30	195	479	1.38284976889082
73671	Saldaña	73	Tolima	210	24	164	398	1.14999811543566
73675	San Antonio	73	Tolima	118	16	122	255	0.736917399239682
73678	San Luis	73	Tolima	212	22	122	356	1.02664812325564
73686	Santa Isabel	73	Tolima	120	12	60	192	0.554586606147187
73770	Suárez	73	Tolima	14	4	40	57	0.165627803846801
73854	Valle de San Juan	73	Tolima	52	7	50	109	0.314305745163785
73861	Venadillo	73	Tolima	105	85	154	344	0.992771343683468
73870	Villahermosa	73	Tolima	117	13	86	217	0.626232480776582
73873	Villarrica	73	Tolima	69	8	48	125	0.360151243386865
76001	Cali	76	Valle Del Cauca	138	6433	60061	66632	44.4740127277456
76020	Alcalá	76	Valle Del Cauca	356	20	216	592	0.395133020847064
76036	Andalucía	76	Valle Del Cauca	212	64	347	623	0.415778808932911
76041	Ansermanuevo	76	Valle Del Cauca	333	21	259	613	0.409446029895671
76054	Argelia	76	Valle Del Cauca	153	8	64	225	0.149894568719989
76100	Bolívar	76	Valle Del Cauca	517	28	196	742	0.49501947022956
76109	Buenaventura	76	Valle Del Cauca	16	406	6079	6501	4.33925592121502
76111	Guadalajara de Buga	76	Valle Del Cauca	575	2149	2792	5517	3.68221821523203
76113	Bugalagrande	76	Valle Del Cauca	418	732	443	1593	1.06348975151662
76122	Caicedonia	76	Valle Del Cauca	663	42	506	1210	0.807824516562549
76126	Calima	76	Valle Del Cauca	167	22	453	643	0.429127520884415
76130	Candelaria	76	Valle Del Cauca	828	1459	2087	4374	2.91932376822077
76147	Cartago	76	Valle Del Cauca	409	930	2710	4050	2.7029219253075
76233	Dagua	76	Valle Del Cauca	852	175	718	1744	1.16409799051539
76243	El Águila	76	Valle Del Cauca	174	10	117	301	0.201052535107002
76246	El Cairo	76	Valle Del Cauca	147	8	85	240	0.160215159651551
76248	El Cerrito	76	Valle Del Cauca	512	537	987	2035	1.35837275730456
76250	El Dovio	76	Valle Del Cauca	219	13	148	379	0.253280909454021
76275	Florida	76	Valle Del Cauca	390	92	772	1254	0.836997995407919
76306	Ginebra	76	Valle Del Cauca	314	163	410	888	0.592574099784516
76318	Guacarí	76	Valle Del Cauca	480	199	525	1204	0.803725503066429
76364	Jamundí	76	Valle Del Cauca	723	614	3284	4621	3.08451356599375
76377	La Cumbre	76	Valle Del Cauca	374	23	248	644	0.429887515413978
76400	La Unión	76	Valle Del Cauca	262	37	539	839	0.559893932889525
76403	La Victoria	76	Valle Del Cauca	180	14	203	397	0.264676082732203
76497	Obando	76	Valle Del Cauca	297	18	216	531	0.354613692823205
76520	Palmira	76	Valle Del Cauca	1026	2822	7329	11177	7.45991856641931
76563	Pradera	76	Valle Del Cauca	310	290	752	1352	0.902467417652225
76606	Restrepo	76	Valle Del Cauca	531	29	323	884	0.589737432294698
76616	Riofrío	76	Valle Del Cauca	258	126	215	599	0.400082834688472
76622	Roldanillo	76	Valle Del Cauca	366	36	582	984	0.657046013234794
76670	San Pedro	76	Valle Del Cauca	438	43	245	727	0.484975296495663
76736	Sevilla	76	Valle Del Cauca	1079	63	637	1779	1.18762380117463
76823	Toro	76	Valle Del Cauca	92	11	194	297	0.198299262082158
76828	Trujillo	76	Valle Del Cauca	264	20	255	540	0.360326133431952
76834	Tuluá	76	Valle Del Cauca	456	720	4498	5674	3.78729954541522
76845	Ulloa	76	Valle Del Cauca	90	7	82	179	0.119408372245573
76863	Versalles	76	Valle Del Cauca	187	12	109	308	0.205672396631619
76869	Vijes	76	Valle Del Cauca	320	25	225	570	0.380388683648671
76890	Yotoco	76	Valle Del Cauca	334	161	253	748	0.499113867004888
76892	Yumbo	76	Valle Del Cauca	114	8410	5143	13667	9.12213407680315
76895	Zarzal	76	Valle Del Cauca	374	780	791	1945	1.29815831532326
81001	Arauca	81	Arauca	1805	56	995	2856	31.8042207759582
81065	Arauquita	81	Arauca	1561	40	474	2075	23.1037745715768
81220	Cravo Norte	81	Arauca	45	4	48	97	1.08295209799332
81300	Fortul	81	Arauca	233	19	192	445	4.95199742589908
81591	Puerto Rondón	81	Arauca	89	7	59	155	1.72249904624705
81736	Saravena	81	Arauca	392	45	670	1107	12.3276004054202
81794	Tame	81	Arauca	1480	246	520	2246	25.0069556769053
85001	Yopal	85	Casanare	2633	455	4356	7445	32.8767075700772
85010	Aguazul	85	Casanare	1317	199	672	2188	9.66174354580344
85015	Chámeza	85	Casanare	19	3	41	63	0.276603125006251
85125	Hato Corozal	85	Casanare	253	17	172	443	1.95549442407876
85136	La Salina	85	Casanare	5	1	22	27	0.120421363602334
85139	Maní	85	Casanare	624	33	314	971	4.28708177740538
85162	Monterrey	85	Casanare	67	15	277	359	1.58753730188341
85225	Nunchía	85	Casanare	210	17	212	439	1.93997080279735
85230	Orocué	85	Casanare	1125	103	203	1431	6.32091554286753
85250	Paz de Ariporo	85	Casanare	1164	51	575	1790	7.90373207228793
85263	Pore	85	Casanare	181	78	175	434	1.91526714269255
85279	Recetor	85	Casanare	6	1	25	32	0.141219507706684
85300	Sabanalarga	85	Casanare	13	3	62	79	0.34904177451456
85315	Sácama	85	Casanare	8	2	29	39	0.174055158072409
85325	San Luis de Palenque	85	Casanare	578	19	124	721	3.18467121510873
85400	Támara	85	Casanare	37	6	93	135	0.597836018289808
85410	Tauramena	85	Casanare	1968	34	427	2430	10.7303903959789
85430	Trinidad	85	Casanare	322	18	189	529	2.33655880144694
85440	Villanueva	85	Casanare	2369	110	610	3089	13.6407524603798
86001	Mocoa	86	Putumayo	166	77	799	1042	17.6384296869849
86219	Colón	86	Putumayo	22	6	39	66	1.11554322525376
86320	Orito	86	Putumayo	376	96	464	936	15.8345150469552
86568	Puerto Asís	86	Putumayo	527	87	851	1466	24.8092810053773
86569	Puerto Caicedo	86	Putumayo	29	11	103	143	2.41330922459027
86571	Puerto Guzmán	86	Putumayo	126	30	206	362	6.12037943422808
86573	Puerto Leguízamo	86	Putumayo	71	24	198	293	4.95133117641374
86749	Sibundoy	86	Putumayo	19	12	109	139	2.35745535756863
86755	San Francisco	86	Putumayo	6	4	40	51	0.856147373533618
86757	San Miguel	86	Putumayo	70	15	139	225	3.8008149544697
86760	Santiago	86	Putumayo	48	9	54	111	1.88574764208514
86865	Valle del Guamuez	86	Putumayo	36	25	248	309	5.22229859765037
86885	Villagarzón	86	Putumayo	547	21	201	768	12.9947472748893
88001	San Andrés	88	San Andrés. Providencia y Santa Catalina (Archipiélago)	16	72	1986	2073	89.2841915308913
88564	Providencia	88	San Andrés. Providencia y Santa Catalina (Archipiélago)	30	5	214	249	10.7158084691087
91001	Leticia	91	Amazonas	241	48	696	985	77.6203764348812
91263	El Encanto	91	Amazonas	0	1	22	23	1.79674417351682
91405	La Chorrera	91	Amazonas	0	0	15	16	1.22164831750598
91407	La Pedrera	91	Amazonas	1	1	27	28	2.23283344080588
91430	La Victoria	91	Amazonas	0	0	5	5	0.376713978084618
91460	Mirití - Paraná	91	Amazonas	0	0	10	10	0.786238056847184
91530	Puerto Alegría	91	Amazonas	0	0	8	9	0.678596509898333
91536	Puerto Arica	91	Amazonas	0	0	7	7	0.543611208002932
91540	Puerto Nariño	91	Amazonas	66	4	75	144	11.3726960584607
91669	Puerto Santander	91	Amazonas	0	0	16	17	1.30600430819625
91798	Tarapacá	91	Amazonas	1	1	24	26	2.06453751380013
94001	Inírida	94	Guainía	89	52	295	436	74.053025458232
94343	Barranco Minas	94	Guainía	25	8	54	87	14.7979021040996
94883	San Felipe	94	Guainía	0	1	10	11	1.86401786886454
94884	Puerto Colombia	94	Guainía	0	2	18	20	3.41167347581168
94885	La Guadalupe	94	Guainía	0	0	1	2	0.282846338056408
94886	Cacahual	94	Guainía	0	1	11	13	2.12789827810042
94887	Pana Pana	94	Guainía	0	1	13	14	2.36142991283923
94888	Morichal	94	Guainía	0	1	6	6	1.1012065639961
95001	San José del Guaviare	95	Guaviare	194	67	659	919	67.4379357410372
95015	Calamar	95	Guaviare	61	8	82	151	11.0770739368387
95025	El Retorno	95	Guaviare	98	16	108	222	16.3179376036222
95200	Miraflores	95	Guaviare	19	4	48	70	5.16705271850187
97001	Mitú	97	Vaupés	29	31	303	363	79.0247256434635
97161	Carurú	97	Vaupés	6	3	30	39	8.46103398428609
97511	Pacoa	97	Vaupés	0	2	19	21	4.47722092881053
97666	Taraira	97	Vaupés	5	2	21	28	6.08750051353729
97777	Papunahua	97	Vaupés	0	0	4	5	0.983315212975616
97889	Yavaraté	97	Vaupés	0	0	4	4	0.966203716926971
99001	Puerto Carreño	99	Vichada	19	22	190	231	19.443205195867
99524	La Primavera	99	Vichada	147	16	71	234	19.717426663132
99624	Santa Rosalía	99	Vichada	181	16	37	234	19.7269166359724
99773	Cumaribo	99	Vichada	145	34	309	488	41.1124515050286