NOMBRE DEPARTAMENTO;NOMBRE MUNICIPIO;DIVIPOLA MUNICIPIO;HOGARES SIN SERVICIO;NBI;ICEE;CATEGORIA;PDET;ZOMAC;VSS Urbano;VSS Rural;VSS Total;mdm;POBLACION;ANM;valor agregado
Bogotá, D,C,;Bogotá, D,C,;11001;209930;3,47;92,69;ESP;0;0;209930;0;209930;58,64;7918660;0;380198,134836
Cundinamarca;Soacha;25754;72149;5,37;77,84;1;0;0;72149;0;72149;53,79;842579;0;9953,532696
Valle del Cauca;Cali;76001;69566;4,11;91,52;ESP;0;0;67085;2481;69566;83,04;2280171;0;66632,052457
La Guajira;Uribia;44847;54001;88,75;10,43;4;0;0;4821;49180;54001;52,17;200665;0;1464,45229
Magdalena;Santa Marta;47001;44626;14,3;78,69;1;1;0;38403;6223;44626;56,21;574486;0;9796,347452
Cesar;Valledupar;20001;34398;17,83;80,41;1;1;0;11681;22717;34398;57,63;601259;0;8786,011384
Nariño;San Andrés De Tumaco;52835;32155;27,62;65,90;4;1;1;0;32155;32155;39,30;272306;0;3061,927317
Caldas;Manizales;17001;29564;6,2;83,93;1;0;0;28133;1431;29564;68,55;467681;0;11963,849506
La Guajira;Manaure;44560;26989;81,1;15,43;6;0;0;2938;24051;26989;44,09;96422;0;509,113185
Atlántico;Soledad;8758;24428;8,03;87,33;2;0;0;24428;0;24428;55,76;710269;0;11868,253472
La Guajira;Maicao;44430;22768;59,22;61,55;4;0;1;6568;16200;22768;58,90;208965;0;2573,326713
Bolívar;Cartagena De Indias;13001;20572;12,49;94,35;ESP;0;0;0;20572;20572;78,36;1010408;0;35578,715235
Vichada;Cumaribo;99773;18335;87,49;12,86;4;0;1;0;18335;18335;24,71;104385;0;487,785558
Cundinamarca;Fusagasugá;25290;14203;4,67;82,98;2;0;0;14203;0;14203;63,83;156943;0;3285,009206
Cundinamarca;Facatativá;25269;13125;4,05;77,36;2;0;0;13125;0;13125;65,80;161874;0;4823,619127
Valle del Cauca;Buenaventura;76109;11820;16,65;89,61;1;1;1;9712;2108;11820;63,00;328686;0;6501,179238
Valle del Cauca;Tuluá;76834;11727;5,55;85,47;2;0;0;6975;4752;11727;69,02;224250;0;5674,22471
Córdoba;Tierralta;23807;11043;56,01;62,24;6;1;1;0;11043;11043;52,62;100490;0;2208,611833
La Guajira;Riohacha;44001;10430;36,27;84,45;4;0;1;266;10164;10430;32,11;209292;0;3935,16042
Cesar;La Jagua De Ibirico;20400;10322;21,28;49,48;5;1;1;6893;3429;10322;47,95;58996;0;2877,047304
Caquetá;Cartagena Del Chairá;18150;9816;38,15;21,12;6;1;1;7077;2739;9816;51,60;32224;0;397,351707
Magdalena;El Banco;47245;9467;32,17;54,58;6;0;0;3413;6054;9467;45,54;75024;0;629,001112
Magdalena;Ciénaga;47189;9202;28,53;74,92;6;1;0;7644;1558;9202;45,26;136851;0;2344,492123
Atlántico;Malambo;8433;9014;12,92;77,13;3;0;0;8667;347;9014;37,57;149019;0;2999,117874
Caquetá;Florencia;18001;8992;14,51;88,19;2;1;1;8161;831;8992;59,45;184170;0;3022,056448
Cesar;El Paso;20250;8811;22,78;39,67;6;0;0;0;8811;8811;59,48;45704;0;1026,062715
Cesar;Agustín Codazzi;20013;8731;28,67;60,97;6;1;1;6413;2318;8731;41,21;67850;0;3339,808779
Putumayo;Puerto Asís;86568;8588;19,34;68,63;4;1;1;1875;6713;8588;49,93;71540;0;1465,96751
Córdoba;Lorica;23417;8481;33,4;77,97;6;0;0;0;8481;8481;44,85;120346;0;1890,888697
Putumayo;Puerto Guzmán;86571;7861;36,17;45,09;6;1;1;512;7349;7861;51,27;41134;0;361,650037
Córdoba;Puerto Libertador;23580;7832;55,55;52,00;6;1;1;0;7832;7832;46,69;45697;0;631,7202
Sucre;San Onofre;70713;7404;41,91;59,27;6;1;1;0;7404;7404;28,81;52983;0;486,967002
Meta;La Macarena;50350;7305;41,85;32,50;6;1;1;0;7305;7305;51,37;29571;0;392,104869
Córdoba;San Andrés De Sotavento;23670;7282;72,58;55,94;6;0;0;0;7282;7282;42,00;52225;0;344,632114
Cauca;Morales;19473;7226;27,08;57,43;6;1;1;347;6879;7226;47,21;44523;0;568,889548
Magdalena;Plato;47555;7089;37,42;63,20;6;0;0;2952;4137;7089;53,22;72742;0;889,578832
Putumayo;Orito;86320;7087;22,74;64,56;6;1;1;1981;5106;7087;48,71;38938;0;935,653257
Magdalena;Puebloviejo;47570;7073;45,36;3,91;6;0;0;2077;4996;7073;22,79;34162;0;249,373062
Nariño;Barbacoas;52079;6666;72,2;61,53;6;1;1;0;6666;6666;52,70;63548;0;473,223766
Bolívar;Magangué;13430;6483;26,45;85,50;5;0;0;1610;4873;6483;60,29;149065;0;2541,914741
Putumayo;Sibundoy;86749;6275;8,15;0,00;6;0;0;3878;2397;6275;52,00;16037;0;139,300811
Arauca;Saravena;81736;6128;27,95;75,96;6;1;1;2387;3741;6128;57,14;58996;0;1106,979826
Cauca;El Tambo;19256;5897;23,4;75,29;6;1;1;0;5897;5897;52,46;57546;0;1068,883298
Cundinamarca;Ricaurte;25612;5814;9,31;79,09;4;0;0;5814;0;5814;74,08;15191;0;438,196324
Cesar;Chimichagua;20175;5810;30,37;53,80;6;0;0;0;5810;5810;50,20;37732;0;489,6556
Bolívar;El Carmen De Bolívar;13244;5798;41,55;74,68;6;1;1;0;5798;5798;47,63;76463;0;1115,342717
Atlántico;Galapa;8296;5785;13,65;70,89;4;0;0;5134;651;5785;76,11;69030;0;1970,521278
Córdoba;Valencia;23855;5572;55,93;56,86;6;1;1;0;5572;5572;52,58;36721;0;505,136301
Magdalena;Sitionuevo;47745;5492;48,55;30,70;5;0;0;1916;3576;5492;46,77;28889;0;385,112271
Cundinamarca;Funza;25286;5470;3,36;86,45;1;0;0;5470;0;5470;69,16;118457;0;4798,315985
Putumayo;Valle Del Guamuez;86865;5273;16,85;65,50;6;1;1;257;5016;5273;45,79;34604;0;308,582908
Bolívar;Tiquisio;13810;5192;60,31;20,76;6;0;1;1192;4000;5192;43,51;18535;0;207,264698
Córdoba;Montelíbano;23466;5126;26,99;83,19;5;1;1;1794;3332;5126;49,29;87467;0;3008,214956
Sucre;Sincelejo;70001;5081;18,9;94,91;2;0;0;0;5081;5081;64,36;319888;0;5704,90372
La Guajira;San Juan Del Cesar;44650;5023;24,24;70,92;6;1;1;3215;1808;5023;55,98;57850;0;469,430723
La Guajira;Barrancas;44078;4843;40,61;63,07;6;0;0;748;4095;4843;43,21;42798;0;5784,460066
Magdalena;Ariguaní;47058;4826;44,3;54,27;6;0;0;1637;3189;4826;52,36;31525;0;381,363715
Cundinamarca;Girardot;25307;4774;7,54;91,31;2;0;0;4774;0;4774;83,71;103831;0;2634,341027
Cesar;Curumaní;20228;4685;28,66;68,36;6;0;1;1903;2782;4685;60,90;44811;0;477,479153
Chocó;El Litoral Del San Juan;27250;4602;70,22;33,56;6;1;1;39;4563;4602;71,07;26236;0;78,144177
Cundinamarca;La Mesa;25386;4501;8,91;81,76;5;0;0;3114;1387;4501;70,74;36901;0;2560,408806
Córdoba;Sahagún;23660;4377;25,29;87,70;6;0;0;0;4377;4377;45,84;118572;0;1491,785378
La Guajira;Dibulla;44090;4334;55,42;64,04;6;1;1;599;3735;4334;52,87;48596;0;458,046453
Córdoba;San Pelayo;23686;4327;37,17;71,90;6;0;0;11;4316;4327;45,49;57804;0;397,54237
Cauca;Suárez;19780;4298;28,57;64,67;6;1;1;184;4114;4298;40,80;37158;0;493,643329
Bolívar;Montecristo;13458;4297;63,11;22,14;6;0;1;219;4078;4297;26,16;16510;0;353,474893
Magdalena;Fundación;47288;4290;25,23;80,94;6;1;1;3738;552;4290;49,91;75360;0;873,1049
Magdalena;Zona Bananera;47980;4272;28,77;77,33;6;0;0;46;4226;4272;31,90;79037;0;2230,8119
Córdoba;Los Córdobas;23419;4118;70,79;46,05;6;0;0;0;4118;4118;52,89;19217;0;267,779338
Bolívar;Simití;13744;4033;34,59;47,10;6;1;1;77;3956;4033;31,70;18510;0;360,587665
Cauca;Buenos Aires;19110;4025;15,18;66,55;6;1;1;0;4025;4025;56,91;33003;0;564,064648
Putumayo;Puerto Leguízamo;86573;4025;34,11;60,19;6;1;1;314;3711;4025;48,88;36170;0;292,571584
Cauca;Mercaderes;19450;4011;25,5;59,64;6;1;1;0;4011;4011;40,37;25765;0;362,810816
Córdoba;Ayapel;23068;3986;47,62;74,39;6;0;0;0;3986;3986;53,00;49883;0;916,90841
Cesar;Bosconia;20060;3921;31,77;72,74;6;0;1;3101;820;3921;51,20;47690;0;471,040037
La Guajira;Fonseca;44279;3863;19,43;74,82;6;1;1;2954;909;3863;47,09;53775;0;381,14042
Bolívar;María La Baja;13442;3845;46,6;74,28;6;1;1;0;3845;3845;29,91;48970;0;682,431517
Tolima;Chaparral;73168;3783;21,12;83,89;6;1;1;0;3783;3783;37,22;52842;0;955,676111
Bolívar;Norosí;13490;3751;66,33;2,06;6;0;0;524;3227;3751;58,48;12515;0;216,289753
Bolívar;Arjona;13052;3704;26,98;83,46;6;0;0;0;3704;3704;48,49;73374;0;1023,999026
La Guajira;Albania;44035;3690;38,14;58,80;5;0;0;2818;872;3690;52,60;35960;0;905,620497
Magdalena;El Piñón;47258;3667;25,71;51,64;6;0;0;503;3164;3667;37,39;26170;0;229,515989
Cesar;Pueblo Bello;20570;3660;64,55;54,75;6;1;1;7;3653;3660;46,11;33724;0;368,19357
Vichada;La Primavera;99524;3605;46,58;7,06;6;0;0;2434;1171;3605;52,85;10603;0;233,940707
Cauca;Cajibío;19130;3589;23,56;77,11;6;1;1;153;3436;3589;51,52;45786;0;460,385796
Magdalena;Pivijay;47551;3565;25,05;74,44;6;0;0;536;3029;3565;47,78;40406;0;557,538355
Bolívar;Mompós;13468;3541;29,2;76,95;6;0;0;0;3541;3541;24,81;48552;0;644,927158
Chocó;Alto Baudó;27025;3516;77,85;54,67;6;0;0;113;3403;3516;38,70;28940;0;162,642417
Cauca;Páez;19517;3487;21,66;73,39;6;0;0;0;3487;3487;37,04;52403;0;560,491789
Cauca;Almaguer;19022;3473;33,7;61,20;6;0;0;42;3431;3473;51,57;18432;0;231,45784
Magdalena;Chivolo;47170;3439;44,91;55,65;6;0;0;1003;2436;3439;17,55;25934;0;224,031226
Chocó;Carmen Del Darién;27150;3430;75,68;50,60;6;1;1;662;2768;3430;43,89;21234;0;606,745662
Caldas;La Dorada;17380;3421;12,6;89,04;5;0;0;2801;620;3421;67,26;72044;0;2035,893994
Cundinamarca;La Vega;25402;3412;7,53;72,11;6;0;0;1538;1874;3412;69,61;18891;0;399,984782
Córdoba;Ciénaga De Oro;23189;3394;36,87;82,77;6;0;0;21;3373;3394;47,93;62594;0;1684,24824
Putumayo;San Miguel;86757;3369;23,02;54,86;6;1;1;54;3315;3369;43,25;19566;0;224,588179
Cauca;Bolívar;19100;3362;27,49;79,15;6;0;0;0;3362;3362;48,35;38005;0;425,739876
Cauca;Patía;19532;3352;20,68;77,85;6;1;1;0;3352;3352;51,46;38915;0;529,488116
Cundinamarca;Yacopí;25885;3332;40,62;56,42;6;0;0;930;2402;3332;60,43;11191;0;345,663412
Cauca;La Vega;19397;3331;16,99;68,59;6;0;0;30;3301;3331;35,74;24423;0;228,917907
Quindio;Calarcá;63130;3303;7,25;88,52;5;0;0;72;3231;3303;53,68;74545;0;1270,757134
Cauca;Balboa;19075;3299;20,36;68,49;6;1;1;85;3214;3299;53,10;22220;0;343,162271
Putumayo;Santiago;86760;3296;23,67;0,00;6;0;0;1483;1813;3296;58,99;7308;0;111,427847
Caldas;Villamaría;17873;3285;6,86;87,75;5;0;0;2922;363;3285;62,74;72649;0;940,642743
Bolívar;Morales;13473;3262;58,69;58,93;6;1;1;0;3262;3262;40,72;25591;0;384,820161
Caquetá;El Paujíl;18256;3224;24,29;59,08;6;1;1;552;2672;3224;57,27;18838;0;171,200545
Valle del Cauca;Cartago;76147;3120;5,4;94,04;3;0;0;3120;0;3120;46,47;142792;0;4049,583666
Cundinamarca;Tocaima;25815;3083;11,17;72,95;6;0;0;2282;801;3083;72,63;16059;0;716,610843
Casanare;Aguazul;85010;3080;14,04;82,23;4;0;1;2176;904;3080;64,52;39218;0;2187,8873
Santander;Cimitarra;68190;3061;17,89;81,74;6;0;0;1885;1176;3061;57,82;33782;0;1288,445714
Córdoba;Chinú;23182;3001;25,02;82,67;6;0;0;0;3001;3001;53,64;52071;0;519,902083
Cundinamarca;Sibaté;25740;2992;5,95;79,75;5;0;0;2789;203;2992;68,00;40013;0;1362,363209
Cundinamarca;Anapoima;25035;2986;10,34;78,11;5;0;0;2456;530;2986;74,69;16635;0;848,345027
Cesar;Chiriguaná;20178;2954;25,46;72,63;6;0;1;0;2954;2954;50,96;32424;0;388,943795
Magdalena;Sabanas De San Ángel;47660;2913;58,87;47,99;6;0;0;0;2913;2913;40,46;16704;0;223,019783
Nariño;El Rosario;52256;2911;20,22;49,98;6;1;1;0;2911;2911;27,79;12872;0;208,065739
Tolima;Ortega;73504;2903;28,35;77,58;6;0;1;319;2584;2903;59,89;36303;0;531,214836
Cesar;Becerril;20045;2887;35,52;63,91;6;1;1;1506;1381;2887;60,57;26931;0;4612,301548
Nariño;Buesaco;52110;2878;16,78;74,68;6;0;0;783;2095;2878;55,06;25040;0;274,323389
Caldas;Anserma;17042;2874;10,67;82,44;6;0;1;2007;867;2874;55,83;37428;0;715,16981
Sucre;Corozal;70215;2872;18,19;87,87;6;0;0;1101;1771;2872;54,09;76816;0;853,603654
Atlántico;Baranoa;8078;2856;14,28;85,62;6;0;0;1897;959;2856;44,69;73740;0;1471,149353
Cundinamarca;Suesca;25772;2853;4,98;69,17;6;0;0;1530;1323;2853;63,49;19171;0;402,341074
Bolívar;San Jacinto Del Cauca;13655;2838;65,05;27,23;6;0;0;0;2838;2838;31,89;10708;0;144,43174
Magdalena;Remolino;47605;2836;21,16;31,05;6;0;0;670;2166;2836;50,67;13533;0;131,117203
Cauca;Caldono;19137;2797;23,78;79,11;6;1;1;0;2797;2797;40,57;43991;0;426,992442
Valle del Cauca;Dagua;76233;2782;10,98;89,42;6;0;1;0;2782;2782;50,20;57738;0;1744,080051
Caldas;Salamina;17653;2780;10,3;71,92;6;0;0;1648;1132;2780;34,97;19511;0;469,321209
Cundinamarca;El Colegio;25245;2780;6,76;83,46;6;0;0;1510;1270;2780;66,73;26618;0;678,11513
Cauca;Silvia;19743;2768;14,18;77,61;6;0;0;0;2768;2768;55,50;39887;0;341,350542
Caldas;Pensilvania;17541;2750;10,7;76,07;6;0;1;1200;1550;2750;66,78;20493;0;339,395963
Magdalena;Tenerife;47798;2742;39,38;42,26;6;0;0;355;2387;2742;24,13;14340;0;154,819603
Magdalena;Pedraza;47541;2740;35,05;18,11;6;0;0;749;1991;2740;21,53;10248;0;614,380122
Cesar;Aguachica;20011;2728;18,79;93,91;5;0;1;626;2102;2728;47,75;132237;0;1680,895938
Cundinamarca;Ubalá;25839;2717;21,13;50,78;6;0;0;150;2567;2717;57,05;7889;0;2053,02592
Bolívar;San Jacinto;13654;2705;93,44;69,38;6;1;1;741;1964;2705;31,61;27176;0;444,926308
Nariño;Ricaurte;52612;2691;62,35;60,60;6;1;1;0;2691;2691;65,75;22530;0;205,531989
La Guajira;Villanueva;44874;2680;18,6;73,46;6;0;1;894;1786;2680;28,89;32651;0;255,921293
Magdalena;Santa Bárbara De Pinto;47720;2671;38,43;40,66;6;0;0;631;2040;2671;47,09;11045;0;116,989951
Arauca;Arauquita;81065;2658;41,56;86,59;6;1;1;0;2658;2658;59,77;53319;0;2074,646444
Antioquia;Amalfi;5031;2651;22,38;77,90;6;1;1;1872;779;2651;57,86;28716;0;1552,009585
Cauca;Caloto;19142;2619;22,91;79,69;6;1;1;2096;523;2619;49,44;31061;0;2265,821872
Magdalena;Nueva Granada;47460;2579;68,55;61,05;6;0;0;0;2579;2579;24,54;22650;0;382,885322
Córdoba;San Antero;23672;2575;29,57;78,32;6;0;0;0;2575;2575;47,96;38802;0;309,83335
Caquetá;Puerto Rico;18592;2569;32,04;75,43;6;1;1;1553;1016;2569;47,80;27339;0;470,962022
Chocó;Riosucio;27615;2531;75,15;86,35;6;1;1;0;2531;2531;48,10;30082;0;445,471844
Atlántico;Tubará;8832;2520;16,13;63,38;6;0;0;722;1798;2520;60,77;20017;0;240,709121
Sucre;Ovejas;70508;2492;29,28;71,44;6;1;1;0;2492;2492;37,72;24462;0;310,498682
Sucre;San Benito Abad;70678;2483;36,23;78,20;6;0;0;0;2483;2483;36,05;31892;0;242,009327
Cesar;Tamalameque;20787;2473;25,9;59,36;6;0;0;0;2473;2473;53,43;16871;0;225,139938
Córdoba;Tuchín;23815;2457;77,98;80,09;6;0;0;0;2457;2457;45,92;60386;0;308,185253
Antioquia;Barbosa;5079;2450;7,01;90,28;4;0;0;322;2128;2450;50,09;62506;0;1890,718085
Santander;San Vicente De Chucurí;68689;2450;22,18;83,96;6;0;0;920;1530;2450;60,44;35766;0;925,446287
Sucre;San Luis De Sincé;70742;2449;30,72;77,45;6;0;0;610;1839;2449;48,15;32683;0;354,271815
Magdalena;Guamal;47318;2446;33,25;71,41;6;0;0;0;2446;2446;24,12;28668;0;311,051698
Cundinamarca;Guaduas;25320;2436;9,42;84,27;6;0;0;426;2010;2436;60,49;30787;0;861,357327
Magdalena;Santa Ana;47707;2389;30,64;71,09;6;0;0;0;2389;2389;51,95;28187;0;306,81497
Putumayo;San Francisco;86755;2379;7,59;0,00;6;0;0;1489;890;2379;55,12;5670;0;50,589303
Cundinamarca;Caparrapí;25148;2366;29,18;68,10;6;0;0;873;1493;2366;54,51;11509;0;361,414285
Meta;Puerto Lleras;50577;2362;32,98;56,10;6;1;1;0;2362;2362;67,01;10704;0;558,220196
La Guajira;Hatonuevo;44378;2333;30,05;69,71;6;0;0;11;2322;2333;35,67;23232;0;406,405113
Putumayo;Colón;86219;2327;9,96;0,00;6;0;0;1563;764;2327;22,90;5762;0;65,916869
Nariño;Samaniego;52678;2297;26,64;83,23;6;0;1;0;2297;2297;55,43;29401;0;381,036638
Cesar;La Gloria;20383;2275;24,56;66,38;6;0;1;0;2275;2275;52,03;19514;0;438,592014
Magdalena;Aracataca;47053;2272;29,42;79,57;6;1;1;633;1639;2272;34,87;44403;0;551,678081
Amazonas;Leticia;91001;2261;27,36;84,45;6;0;0;1389;872;2261;33,81;53059;0;985,488187
Bolívar;Santa Rosa;13683;2241;70,91;70,81;6;0;0;457;1784;2241;22,31;22371;0;299,02409
Nariño;Francisco Pizarro;52520;2216;49,96;56,95;6;1;1;214;2002;2216;45,98;15667;0;79,395759
Meta;Puerto Rico;50590;2207;37,14;61,58;6;1;1;0;2207;2207;58,35;13492;0;642,532555
Sucre;Santiago De Tolú;70820;2200;23,75;81,49;5;0;0;0;2200;2200;47,68;37512;0;455,893972
Valle del Cauca;Pradera;76563;2194;10,38;86,50;6;1;1;1935;259;2194;44,73;49776;0;1352,098734
Santander;El Carmen De Chucuri;68235;2193;43,07;74,02;6;0;0;432;1761;2193;52,15;24214;0;415,359479
Caquetá;La Montañita;18410;2163;32,85;59,61;6;1;1;321;1842;2163;46,85;15382;0;152,414689
Boyacá;Ráquira;15600;2140;14,04;63,32;6;0;0;0;2140;2140;56,76;8043;0;263,110789
Guaviare;San José Del Guaviare;95001;2140;23,78;90,46;6;1;1;1364;776;2140;58,21;54315;0;919,21418
Guaviare;Miraflores;95200;2140;40,07;30,97;6;1;1;33;2107;2140;35,89;7049;0;70,429619
Sucre;San Marcos;70708;2135;30,15;88,86;6;0;0;0;2135;2135;53,18;64076;0;618,672299
Boyacá;Chita;15183;2115;42,73;60,33;6;0;0;0;2115;2115;44,36;8239;0;119,618803
Córdoba;Chimá;23168;2110;37,91;63,08;6;0;0;0;2110;2110;57,13;19407;0;168,941339
Cundinamarca;Anolaima;25040;2099;9,8;75,47;6;0;0;780;1319;2099;58,32;14581;0;307,063089
Atlántico;Repelón;8606;2094;29,53;74,88;6;0;0;116;1978;2094;56,91;29894;0;379,755512
Nariño;Cumbal;52227;2088;15,39;84,13;6;0;0;0;2088;2088;41,39;40406;0;267,041727
Meta;Mapiripán;50325;2069;52,55;36,92;6;1;1;0;2069;2069;36,89;7280;0;306,57139
Atlántico;Campo De La Cruz;8137;2066;34,98;70,39;6;0;0;1408;658;2066;32,47;26781;0;257,809062
Meta;Vistahermosa;50711;2049;35,58;74,05;6;1;1;0;2049;2049;51,28;18421;0;673,82099
Cesar;Río De Oro;20614;2033;21,68;71,53;6;0;0;517;1516;2033;50,71;19390;0;371,871032
Bolívar;Santa Rosa Del Sur;13688;2032;28,06;82,10;6;1;1;0;2032;2032;57,36;33643;0;576,880009
Cauca;Sotará - Paispamba;19760;2032;18,56;66,98;6;0;0;0;2032;2032;49,96;14596;0;160,829538
Cauca;Toribío;19821;2004;22,51;83,07;6;1;1;48;1956;2004;43,92;39282;0;336,128875
Cauca;San Sebastián;19693;1998;15,84;63,44;6;0;0;155;1843;1998;28,67;10813;0;145,193728
Santander;Vélez;68861;1994;12,7;81,83;6;0;0;1117;877;1994;50,88;26750;0;536,256301
Nariño;Chachagüí;52240;1993;18,05;78,63;6;0;0;217;1776;1993;56,01;16366;0;287,277448
Bolívar;Río Viejo;13600;1981;43,53;55,22;6;0;1;9;1972;1981;48,22;12277;0;246,432365
Sucre;Los Palmitos;70418;1955;22,23;75,64;6;1;1;171;1784;1955;26,75;25570;0;233,381033
Córdoba;Pueblo Nuevo;23570;1934;42,86;80,98;6;0;0;0;1934;1934;52,53;37976;0;442,152738
Córdoba;San José De Uré;23682;1928;52,83;52,69;6;1;1;1507;421;1928;41,81;15244;0;354,428452
Cesar;Pelaya;20550;1915;26,76;78,61;6;0;1;1032;883;1915;52,36;24204;0;393,57965
Cundinamarca;Medina;25438;1904;21,24;64,66;6;0;1;652;1252;1904;43,86;8472;0;151,497247
Cundinamarca;Sopó;25758;1902;2,89;83,73;3;0;0;1711;191;1902;78,20;32937;0;1317,647048
Atlántico;Santa Lucía;8675;1896;33,09;61,00;6;0;0;1483;413;1896;49,99;19147;0;177,838294
Cundinamarca;Puerto Salgar;25572;1879;13,76;73,99;6;0;0;1320;559;1879;83,93;15771;0;510,543617
Casanare;Monterrey;85162;1874;8,3;78,47;6;0;1;193;1681;1874;59,73;18836;0;359,495435
Guaviare;Calamar;95015;1868;40,18;54,01;6;1;1;642;1226;1868;62,50;9862;0;150,986286
Antioquia;Granada;5313;1864;11,04;78,46;6;0;1;304;1560;1864;38,85;10463;0;153,28868
Valle del Cauca;Sevilla;76736;1862;10,19;88,10;6;0;0;1152;710;1862;51,00;43923;0;1779,326995
Chocó;Cértegui;27160;1853;51,74;43,81;6;0;0;145;1708;1853;34,46;5986;0;209,41917
Norte de Santander;Sardinata;54720;1847;37,18;79,79;6;1;1;0;1847;1847;49,20;28494;0;686,181623
Cundinamarca;La Palma;25394;1846;20,26;70,79;6;0;1;608;1238;1846;50,87;9706;0;194,638115
Magdalena;Pijiño Del Carmen;47545;1842;48,94;59,68;6;0;0;0;1842;1842;45,42;14019;0;195,308795
Atlántico;Palmar De Varela;8520;1837;18,16;78,61;6;0;0;1372;465;1837;49,27;34647;0;755,300401
Cundinamarca;Agua De Dios;25001;1831;8,08;74,98;6;0;0;1539;292;1831;58,48;11820;0;218,848034
Valle del Cauca;Zarzal;76895;1831;6,09;88,45;4;0;0;807;1024;1831;70,97;43760;0;1944,932505
Cauca;Rosas;19622;1823;18,16;65,98;6;0;0;0;1823;1823;53,48;12028;0;148,447447
Antioquia;Tarazá;5790;1811;32,42;87,00;6;1;1;0;1811;1811;46,49;29027;0;560,495033
Antioquia;Fredonia;5282;1808;11,13;83,61;6;0;0;336;1472;1808;62,74;26245;0;708,225301
Atlántico;Luruaco;8421;1800;24,83;79,34;6;0;0;1231;569;1800;53,44;32443;0;372,349766
Magdalena;El Retén;47268;1791;35,47;71,37;6;0;0;1069;722;1791;69,97;21274;0;342,492308
Casanare;Támara;85400;1787;37,56;49,52;6;0;1;194;1593;1787;54,71;7293;0;135,379068
Meta;San Martín;50689;1781;16,47;84,07;6;0;1;151;1630;1781;62,78;28332;0;1122,154057
Valle del Cauca;Andalucía;76036;1779;5,85;80,52;6;0;0;1460;319;1779;54,03;24590;0;622,92997
Antioquia;Yolombó;5890;1778;16,12;84,38;6;0;1;403;1375;1778;52,93;24828;0;512,455302
Antioquia;Santa Bárbara;5679;1764;9,81;86,71;6;0;0;264;1500;1764;67,24;29171;0;607,640929
Tolima;Coyaima;73217;1761;37,57;83,33;6;0;0;259;1502;1761;57,47;23625;0;323,114684
Caldas;Manzanares;17433;1759;17,14;80,16;6;0;0;1115;644;1759;65,27;18375;0;419,150279
Chocó;Bajo Baudó;27077;1759;65,87;79,80;6;0;1;0;1759;1759;71,42;34197;0;100,206579
Caquetá;Milán;18460;1740;47,11;54,92;6;1;1;169;1571;1740;46,68;10177;0;146,489739
Magdalena;San Sebastián De Buenavista;47692;1717;42,68;74,00;6;0;0;0;1717;1717;41,02;21808;0;253,41475
Cundinamarca;La Calera;25377;1713;3,14;89,63;5;0;0;1104;609;1713;63,53;42445;0;774,881871
Cundinamarca;Fómeque;25279;1710;6,52;72,43;6;0;0;935;775;1710;67,48;12340;0;537,380096
Cundinamarca;Silvania;25743;1704;8,01;87,45;6;0;1;1351;353;1704;62,27;22445;0;639,493117
Caquetá;San José Del Fragua;18610;1702;26,72;72,03;6;1;1;966;736;1702;58,37;13229;0;167,327076
Valle del Cauca;Ansermanuevo;76041;1700;12,76;77,50;6;0;1;38;1662;1700;66,64;17894;0;613,442046
Bolívar;San Juan Nepomuceno;13657;1680;38,39;86,46;6;1;1;0;1680;1680;39,32;42048;0;668,473687
Cundinamarca;Chocontá;25183;1666;7,76;83,09;6;0;0;645;1021;1666;50,71;21836;0;421,87226
Caquetá;El Doncello;18247;1662;20,41;79,37;6;1;1;784;878;1662;50,44;19817;0;237,52689
La Guajira;El Molino;44110;1659;26,64;53,14;6;0;1;569;1090;1659;49,18;7527;0;111,281981
Putumayo;Puerto Caicedo;86569;1646;19,66;74,39;6;1;1;420;1226;1646;42,47;17329;0;142,601187
Atlántico;Santo Tomás;8685;1644;14,79;82,04;6;0;0;1319;325;1644;44,56;36050;0;452,302656
Sucre;San José De Toluviejo;70823;1644;30,65;78,77;6;1;1;0;1644;1644;37,57;23190;0;771,401412
Cundinamarca;Villa De San Diego De Ubaté;25843;1631;5,25;91,56;5;0;0;1631;0;1631;72,34;47305;0;904,285696
Antioquia;Puerto Berrío;5579;1624;13,77;90,78;6;0;1;1126;498;1624;57,57;39164;0;1072,360238
Boyacá;Socotá;15755;1610;27,31;64,68;6;0;0;0;1610;1610;58,60;7460;0;227,339146
Magdalena;Zapayán;47960;1609;50,14;51,73;6;0;0;115;1494;1609;52,64;11061;0;153,46387
Cesar;El Copey;20238;1597;26,98;84,52;6;0;1;855;742;1597;58,37;34776;0;613,937119
Meta;Uribe;50370;1576;53,15;55,98;6;1;1;19;1557;1576;50,73;9695;0;416,470079
Antioquia;Abejorral;5002;1569;13,96;85,16;6;0;1;428;1141;1569;48,76;21121;0;968,229661
Cauca;Argelia;19050;1568;23,4;84,86;6;1;1;0;1568;1568;39,73;27464;0;230,614035
Valle del Cauca;El Cairo;76246;1567;12,3;63,79;6;0;1;353;1214;1567;61,89;7034;0;240,038267
Atlántico;Usiacurí;8849;1544;13,6;59,24;6;0;0;1043;501;1544;56,16;15033;0;156,292196
Nariño;Tangua;52788;1540;22,37;70,26;6;0;0;0;1540;1540;52,01;14521;0;174,964731
Tolima;Rioblanco;73616;1539;34,08;82,38;6;1;1;0;1539;1539;43,20;23853;0;345,263947
Caldas;Neira;17486;1538;11,78;85,11;6;0;0;554;984;1538;65,98;21568;0;670,292249
Antioquia;Sonsón;5756;1519;13,24;90,96;5;0;1;0;1519;1519;62,18;36144;0;1848,86713
Atlántico;Manatí;8436;1513;23,87;72,18;6;0;0;1132;381;1513;41,70;23362;0;256,963032
Cauca;Piamonte;19533;1500;21,67;59,84;6;0;1;0;1500;1500;46,82;9705;0;173,682012
Córdoba;Purísima De La Concepción;23586;1491;36,08;74,13;6;0;0;335;1156;1491;50,36;19091;0;161,267128
Bolívar;San Martín De Loba;13667;1490;45,59;69,37;6;0;0;0;1490;1490;32,48;15853;0;323,789699
Boyacá;Cubará;15223;1474;61,1;56,74;6;0;0;137;1337;1474;60,33;12974;0;275,188625
Antioquia;Segovia;5736;1468;23,15;91,54;2;1;1;642;826;1468;61,55;39116;0;1475,479054
Bolívar;Altos Del Rosario;13030;1453;58,45;61,18;6;0;0;0;1453;1453;24,63;11401;0;137,738617
Bolívar;Turbaná;13838;1448;48,57;73,58;6;0;0;202;1246;1448;41,22;17726;0;262,978745
Cundinamarca;Cáqueza;25151;1437;7,52;83,77;6;0;0;1250;187;1437;41,87;18061;0;463,608136
Cundinamarca;San Francisco;25658;1435;7,51;80,29;6;0;0;873;562;1435;59,62;12563;0;260,687271
Cundinamarca;Gachetá;25297;1434;16;76,80;6;0;0;302;1132;1434;33,17;8619;0;138,381008
Bolívar;Regidor;13580;1427;27,01;49,31;6;0;0;532;895;1427;38,98;7810;0;191,26319
Antioquia;Cáceres;5120;1419;49,83;87,24;6;1;1;0;1419;1419;53,75;29159;0;600,660444
Santander;Puerto Wilches;68575;1405;32,1;90,16;6;0;0;536;869;1405;63,23;36099;0;1739,105536
Magdalena;Concordia;47205;1400;31,72;65,07;6;0;0;257;1143;1400;49,01;11170;0;130,182119
Córdoba;Buenavista;23079;1396;40,93;79,70;6;0;0;435;961;1396;46,54;22295;0;300,504874
Sucre;Sampués;70670;1394;41,5;89,96;6;0;0;65;1329;1394;47,48;53083;0;402,735252
Putumayo;Mocoa;86001;1393;10,67;93,83;6;1;1;144;1249;1393;46,75;65766;0;1042,245635
Cundinamarca;Gachalá;25293;1389;17,55;46,98;6;0;0;192;1197;1389;54,48;4548;0;100,504273
Cundinamarca;San Antonio Del Tequendama;25645;1382;7,36;82,11;6;0;0;710;672;1382;66,62;12208;0;309,488221
Vichada;Santa Rosalía;99624;1380;36,96;5,09;6;0;0;844;536;1380;49,55;4170;0;234,053302
Atlántico;Juan De Acosta;8372;1378;17,85;81,51;6;0;0;408;970;1378;35,92;23939;0;298,378694
Cesar;Pailitas;20517;1367;25,58;82,42;6;0;1;460;907;1367;52,55;21068;0;250,709676
Atlántico;Ponedera;8560;1353;23,21;79,38;6;0;0;730;623;1353;43,77;27097;0;343,771867
Cauca;Totoró;19824;1347;25,73;82,67;6;0;0;0;1347;1347;49,64;27100;0;239,302191
Cundinamarca;El Peñón;25258;1339;25,77;60,45;6;0;1;334;1005;1339;50,61;4710;0;151,540919
Valle del Cauca;Toro;76823;1333;10,86;78,33;6;0;0;581;752;1333;64,97;14973;0;297,096799
Nariño;Consacá;52207;1332;13,43;76,03;6;0;0;0;1332;1332;51,03;15175;0;122,399293
Antioquia;Anorí;5040;1325;28;83,48;6;1;1;313;1012;1325;44,40;20688;0;308,687897
Bolívar;Clemencia;13222;1323;84,94;73,14;6;0;0;561;762;1323;25,94;15919;0;362,635091
Risaralda;Pueblo Rico;66572;1323;55,47;75,61;6;0;1;321;1002;1323;52,82;18266;0;258,054302
Bolívar;Zambrano;13894;1322;41,91;67,49;6;1;1;472;850;1322;33,13;13291;0;226,804873
Magdalena;San Zenón;47703;1322;27,26;64,22;6;0;0;0;1322;1322;39,50;13973;0;149,356878
Bolívar;Cantagallo;13160;1319;39,35;64,25;6;1;1;224;1095;1319;48,81;8825;0;973,190084
La Guajira;Distracción;44098;1318;25,03;74,24;6;0;0;436;882;1318;44,65;14277;0;130,549567
Valle del Cauca;La Unión;76400;1316;9;89,86;6;0;0;775;541;1316;59,15;34777;0;838,84677
Antioquia;Murindó;5475;1312;81,73;14,86;6;1;1;833;479;1312;39,97;5769;0;77,356286
Risaralda;Apía;66045;1309;9,57;77,44;6;0;0;535;774;1309;57,67;12754;0;402,628144
Valle del Cauca;La Cumbre;76377;1306;9,24;87,77;6;0;0;0;1306;1306;45,75;18290;0;644,067979
Cauca;Timbío;19807;1302;17,47;90,83;6;0;0;0;1302;1302;46,16;38572;0;448,662225
Cesar;La Paz;20621;1302;28,54;85,45;6;1;1;1302;0;1302;51,57;32751;0;724,988318
Caquetá;Belén De Los Andaquíes;18094;1292;28,49;73,06;6;1;1;1141;151;1292;58,92;11371;0;134,190538
Boyacá;Monguí;15466;1291;12,07;62,77;6;0;0;123;1168;1291;54,91;4325;0;72,603462
Amazonas;Puerto Nariño;91540;1289;41,74;46,34;6;0;0;0;1289;1289;49,08;11184;0;144,390663
Cauca;Miranda;19455;1287;9,34;89,92;6;1;1;0;1287;1287;70,59;32570;0;1213,201088
Huila;Suaza;41770;1279;15,28;85,80;6;0;0;0;1279;1279;59,02;25611;0;504,302044
Tolima;Natagaima;73483;1276;20,66;82,67;6;0;0;797;479;1276;35,14;15717;0;216,835678
Nariño;Taminango;52786;1273;16,24;84,16;6;0;0;0;1273;1273;49,50;18398;0;202,841526
Valle del Cauca;Alcalá;76020;1267;11,63;79,38;6;0;0;472;795;1267;64,98;14381;0;591,997946
Cesar;San Diego;20750;1262;22,52;81,12;6;1;1;268;994;1262;42,78;23324;0;272,281098
Norte de Santander;Arboledas;54051;1254;29,97;66,81;6;0;0;0;1254;1254;54,36;10559;0;125,355482
Cundinamarca;San Bernardo;25649;1248;8,67;72,56;6;0;0;762;486;1248;55,74;8709;0;1160,505134
Cundinamarca;Pacho;25513;1245;8,16;91,00;6;0;0;1245;0;1245;44,72;25018;0;710,74526
Tolima;Ataco;73067;1245;34,77;85,25;6;1;1;84;1161;1245;49,76;20279;0;420,133777
Cesar;Gamarra;20295;1237;23,36;79,12;6;0;0;0;1237;1237;47,98;16058;0;211,840817
Risaralda;Mistrató;66456;1223;41,17;78,99;6;0;1;360;863;1223;60,50;18387;0;255,501327
Risaralda;Belén De Umbría;66088;1212;13,02;88,77;6;0;0;683;529;1212;58,93;25391;0;789,458614
Boyacá;Labranzagrande;15377;1208;37,01;51,45;6;0;1;0;1208;1208;49,81;3741;0;63,723698
Huila;Tello;41799;1200;16,85;78,30;6;0;1;22;1178;1200;52,54;12495;0;341,783963
Cesar;González;20310;1197;21,24;50,72;6;0;0;41;1156;1197;62,53;4928;0;67,6818
Boyacá;Pauna;15531;1196;25,95;72,32;6;0;0;0;1196;1196;50,89;7346;0;255,56854
Boyacá;Paz De Río;15537;1192;7,1;64,24;6;0;0;134;1058;1192;71,51;4373;0;109,980818
Chocó;Bagadó;27073;1185;70,52;69,48;6;0;1;0;1185;1185;42,55;12471;0;55,438288
Cundinamarca;La Peña;25398;1146;30,08;63,89;6;0;0;380;766;1146;51,82;6051;0;112,838496
Cundinamarca;Bojacá;25099;1144;5,34;74,45;6;0;0;1068;76;1144;65,85;10793;0;279,704309
Córdoba;La Apartada;23350;1143;30,55;77,68;6;0;0;179;964;1143;53,61;16297;0;176,580657
Cauca;Jambaló;19364;1135;15,58;77,57;6;1;1;224;911;1135;44,96;19163;0;170,578067
Cundinamarca;Sasaima;25718;1135;8,52;81,69;6;0;0;516;619;1135;54,29;11389;0;422,813397
Santander;Puente Nacional;68572;1134;7,21;86,96;6;0;0;378;756;1134;57,38;15257;0;293,23054
Valle del Cauca;Obando;76497;1133;12,34;78,65;6;0;0;337;796;1133;70,00;12572;0;531,290899
Tolima;Valle De San Juan;73854;1130;16,46;61,63;6;0;0;145;985;1130;52,52;5503;0;108,85114
Tolima;Villahermosa;73870;1125;13,91;73,68;6;0;1;311;814;1125;51,43;9556;0;216,878376
Norte de Santander;El Carmen;54245;1112;48,72;79,46;6;1;1;0;1112;1112;60,54;14851;0;250,748786
Caquetá;Solano;18756;1108;44,72;72,73;6;1;1;550;558;1108;49,37;10830;0;142,130629
Bolívar;Soplaviento;13760;1107;28,29;65,64;6;0;0;990;117;1107;36,16;12824;0;125,248174
Bolívar;Cicuco;13188;1101;33,94;74,40;6;0;0;389;712;1101;53,81;15697;0;219,131951
Guainía;Inírida;94001;1100;50,8;89,70;6;0;0;674;426;1100;35,44;38710;0;435,987995
Guaviare;El Retorno;95025;1100;31,88;78,73;6;1;1;99;1001;1100;48,80;13324;0;222,421987
Casanare;Orocué;85230;1090;29,92;75,02;6;0;0;75;1015;1090;54,72;14229;0;1431,361822
Magdalena;Salamina;47675;1083;26,68;71,72;6;0;0;410;673;1083;53,34;12611;0;128,281212
Antioquia;Amagá;5030;1075;9,66;92,36;6;0;0;0;1075;1075;49,35;32595;0;993,218647
Chocó;Río Quito;27600;1073;58,34;71,02;6;0;0;812;261;1073;46,36;8434;0;49,808709
Nariño;Santacruz;52699;1070;41,14;77,53;6;0;0;87;983;1070;46,22;10666;0;82,464954
Cauca;Villa Rica;19845;1054;11,18;87,65;5;0;0;680;374;1054;59,89;23298;0;714,265803
Cundinamarca;Nilo;25488;1046;7,92;78,87;6;0;0;222;824;1046;78,69;11030;0;287,065676
Cundinamarca;Arbeláez;25053;1044;10,14;82,53;6;0;0;582;462;1044;61,88;10753;0;368,646266
Nariño;Albán;52019;1041;15,9;74,68;6;0;0;131;910;1041;43,04;9628;0;301,588042
Chocó;Medio Baudó;27430;1036;63,21;81,39;6;0;0;196;840;1036;21,76;17004;0;78,558017
Caldas;Samaná;17662;1034;13,53;89,90;6;0;1;505;529;1034;58,22;21128;0;319,910624
Nariño;Imués;52354;1034;14,64;76,26;6;0;0;0;1034;1034;52,55;7836;0;103,802961
Casanare;Tauramena;85410;1026;14,61;89,57;5;0;1;498;528;1026;66,64;25904;0;2429,880773
Valle del Cauca;Bolívar;76100;1024;15,71;85,02;6;0;1;83;941;1024;60,01;16071;0;741,650265
Chocó;San José Del Palmar;27660;1020;29,46;59,60;6;0;1;0;1020;1020;59,33;5164;0;38,711432
Norte de Santander;Salazar;54660;1020;18,98;74,91;6;0;0;0;1020;1020;56,63;11438;0;124,348213
Nariño;Funes;52287;1018;23,36;69,01;6;0;0;210;808;1018;51,39;7441;0;106,591768
Boyacá;Maripí;15442;1014;32,03;66,99;6;0;0;118;896;1014;48,55;5887;0;144,553207
Cundinamarca;Nocaima;25491;1012;10,92;74,09;6;0;0;635;377;1012;77,23;5654;0;146,967584
Nariño;Leiva;52405;1010;27,03;74,36;6;1;1;0;1010;1010;47,17;9779;0;120,335848
Risaralda;Marsella;66440;1006;17,29;86,25;6;0;0;418;588;1006;59,57;17421;0;432,046492
Valle del Cauca;Trujillo;76828;1002;14,95;86,17;6;0;0;336;666;1002;53,64;19948;0;539,849417
Cundinamarca;Susa;25779;1001;13,06;73,82;6;0;0;360;641;1001;62,86;6595;0;149,760491
Santander;Barichara;68079;998;11;80,67;6;0;0;464;534;998;68,70;12657;0;255,73793
Sucre;Buenavista;70110;997;36,57;72,67;6;0;0;357;640;997;58,20;11927;0;161,427033
Antioquia;Titiribí;5809;996;11,22;81,94;6;0;0;560;436;996;58,30;11449;0;203,489226
Amazonas;Tarapacá;91798;996;50,79;2,64;;0;0;0;996;996;;4018;1;26,211897
Chocó;Río Iró;27580;994;43,09;57,36;6;0;0;0;994;994;23,86;5747;0;38,378525
Cundinamarca;Paime;25518;992;35,47;55,52;6;0;0;218;774;992;61,69;3853;0;106,562431
Cundinamarca;Pandi;25524;992;12,86;68,35;6;0;0;402;590;992;47,82;4941;0;666,915282
Boyacá;Pesca;15542;987;12,86;77,87;6;0;0;0;987;987;52,40;7014;0;123,98876
Cundinamarca;Pulí;25580;986;10,38;53,84;6;0;1;290;696;986;47,92;3652;0;78,964003
Cundinamarca;Gachancipá;25295;985;4,76;87,45;5;0;0;985;0;985;65,56;20800;0;529,856714
Antioquia;Concordia;5209;983;18,54;88,86;6;0;0;297;686;983;64,28;22182;0;616,974951
Meta;Puerto Gaitán;50568;980;44,84;92,79;2;0;1;0;980;980;69,13;53006;0;12361,086748
Cundinamarca;Guasca;25322;978;4,75;86,88;6;0;0;87;891;978;69,50;17529;0;262,12295
Quindio;Salento;63690;973;5,83;77,25;6;0;1;0;973;973;70,73;10264;0;284,345176
Cundinamarca;Cachipay;25123;970;9,39;83,71;6;0;0;465;505;970;59,75;10338;0;706,948697
Quindio;La Tebaida;63401;968;10,23;92,22;6;0;0;643;325;968;72,49;33885;0;1201,022378
Cauca;Sucre;19785;961;35,48;72,39;6;0;0;163;798;961;45,70;9756;0;124,22785
Santander;Sabana De Torres;68655;961;21,07;93,27;6;0;1;961;0;961;69,48;37531;0;1207,06791
Cundinamarca;Ubaque;25841;960;15,32;76,68;6;0;0;318;642;960;54,36;6923;0;459,523148
Cauca;Puerto Tejada;19573;959;7,98;93,75;6;0;0;959;0;959;57,26;43471;0;1100,350041
Cundinamarca;Tibirita;25807;957;11,62;65,54;6;0;0;241;716;957;57,85;3346;0;64,550204
Sucre;Coveñas;70221;957;28,21;88,01;3;0;0;0;957;957;64,29;21748;0;349,682249
Cundinamarca;Manta;25436;950;7,6;71,21;6;0;0;311;639;950;57,17;3502;0;103,521264
Santander;Florián;68271;948;31,27;72,44;6;0;0;379;569;948;59,15;5703;0;110,237485
Meta;Mesetas;50330;943;29,99;81,12;6;1;1;0;943;943;58,44;11781;0;272,398678
Santander;El Peñón;68250;939;31,94;67,91;6;0;0;122;817;939;41,31;5351;0;66,780572
Risaralda;Santuario;66687;935;10,34;83,71;6;0;0;374;561;935;58,96;13026;0;320,736722
Boyacá;Tenza;15798;934;9,4;72,25;6;0;0;11;923;934;55,53;3673;0;121,801905
Boyacá;Quípama;15580;926;40,46;66,65;6;0;0;131;795;926;56,14;5005;0;133,990744
Cundinamarca;Topaipí;25823;925;27,42;61,81;6;0;1;342;583;925;43,29;3994;0;83,083274
Caldas;Filadelfia;17272;924;10,85;82,40;6;0;0;310;614;924;60,11;11182;0;187,80403
Atlántico;Sabanagrande;8634;921;16,33;90,31;6;0;0;921;0;921;58,47;38726;0;529,736273
Boyacá;Tota;15822;921;16,71;71,35;6;0;0;203;718;921;64,80;5161;0;111,955754
Amazonas;La Pedrera;91407;911;78,83;4,41;;0;0;0;911;911;;4073;1;28,348625
Caldas;Palestina;17524;910;9,25;88,09;6;0;1;735;175;910;62,63;16059;0;540,204199
Nariño;La Llanada;52385;900;18,93;68,70;6;0;1;100;800;900;48,99;6565;0;55,851345
Cauca;Guapi;19318;899;70,68;90,02;6;1;1;0;899;899;49,36;29275;0;396,99255
Norte de Santander;Bucarasica;54109;898;36,68;61,33;6;0;1;0;898;898;50,46;7559;0;82,802407
Antioquia;San Vicente Ferrer;5674;896;10,97;92,45;6;0;0;254;642;896;62,03;24534;0;660,022922
Amazonas;La Chorrera;91405;896;35,82;4,78;;0;0;0;896;896;;3127;1;15,51036
Cundinamarca;Subachoque;25769;895;3,75;88,20;6;0;0;804;91;895;73,34;17703;0;317,190617
Cundinamarca;Carmen De Carupa;25154;891;13,02;81,17;6;0;0;545;346;891;48,89;7764;0;174,164501
Antioquia;Vigía Del Fuerte;5873;889;78,25;74,00;6;1;1;0;889;889;29,56;11150;0;149,066341
Cundinamarca;San Juan De Rioseco;25662;888;12,97;81,57;6;0;0;644;244;888;46,24;8423;0;275,836961
Cundinamarca;Albán;25019;882;9,95;75,89;6;0;0;424;458;882;65,49;6911;0;252,154662
Cundinamarca;Junín;25372;882;16,2;79,41;6;0;0;499;383;882;57,68;5105;0;174,596116
Norte de Santander;San Calixto;54670;878;38,52;76,26;6;1;1;150;728;878;44,84;13579;0;170,508869
Cundinamarca;Tena;25797;875;7,18;86,36;6;0;0;584;291;875;60,90;11062;0;213,265362
Nariño;Guaitarilla;52320;871;14,1;83,49;6;0;0;0;871;871;43,90;11604;0;197,723919
Cesar;San Alberto;20710;865;13,73;91,55;6;0;0;865;0;865;61,88;31199;0;811,270835
Caquetá;Albania;18029;864;20,17;67,06;6;1;1;226;638;864;63,60;4833;0;78,187797
Cundinamarca;Sesquilé;25736;863;5,76;84,32;5;0;0;384;479;863;78,42;12723;0;567,828152
Magdalena;Cerro De San Antonio;47161;862;38,16;68,39;6;0;0;317;545;862;39,44;11374;0;98,513736
Boyacá;Saboyá;15632;859;15,99;87,13;6;0;0;5;854;859;57,21;14424;0;321,845434
Norte de Santander;Herrán;54347;850;29,43;50,44;6;0;0;29;821;850;43,76;8388;0;60,213492
Cundinamarca;Nimaima;25489;848;12,91;62,97;6;0;0;308;540;848;70,95;3674;0;75,988605
Cundinamarca;Paratebueno;25530;847;15,57;79,20;6;0;1;495;352;847;65,87;8841;0;316,456577
Atlántico;Polonuevo;8558;843;13,33;84,99;6;0;0;843;0;843;49,54;21012;0;309,039029
Cauca;Guachené;19300;842;4,95;88,65;6;0;0;0;842;842;57,08;20320;0;754,10501
Cundinamarca;Guachetá;25317;840;11,89;86,41;6;0;0;402;438;840;55,96;14716;0;538,912069
Valle del Cauca;Versalles;76863;833;10,46;78,70;6;0;0;227;606;833;58,99;7457;0;308,14341
Atlántico;Suan;8770;827;18,27;74,42;6;0;0;595;232;827;44,21;14150;0;149,607586
Boyacá;Guayatá;15325;817;9,94;73,10;6;0;0;22;795;817;49,72;3455;0;101,354016
Huila;Tarqui;41791;816;13,6;88,67;6;0;0;0;816;816;56,62;18649;0;303,318955
Cesar;Astrea;20032;813;37,75;87,74;6;0;0;0;813;813;47,91;22144;0;237,338733
Santander;El Playón;68255;809;27,31;85,68;6;0;1;491;318;809;62,08;15124;0;359,397932
Cundinamarca;Guayabetal;25335;808;9,86;71,32;6;0;1;415;393;808;53,21;6989;0;172,815662
Cauca;Padilla;19513;807;8,32;79,88;6;0;0;22;785;807;49,62;10541;0;198,24975
Huila;La Argentina;41378;806;19,44;86,57;6;0;0;0;806;806;56,07;13876;0;232,069401
Nariño;La Florida;52381;805;32,52;84,82;6;0;0;18;787;805;55,87;10098;0;140,022151
Santander;La Belleza;68377;803;11,36;76,44;6;0;1;119;684;803;57,35;6336;0;112,697092
Huila;Santa María;41676;802;20,96;82,99;6;0;0;0;802;802;58,76;10740;0;281,811235
Valle del Cauca;Bugalagrande;76113;802;10,44;91,12;6;0;0;572;230;802;61,32;25391;0;1593,346329
Nariño;Puerres;52573;801;13,99;81,56;6;0;1;0;801;801;55,36;8534;0;130,90286
Atlántico;Piojó;8549;800;20,51;60,59;6;0;0;160;640;800;48,69;7724;0;102,167302
Cundinamarca;Chaguaní;25168;798;14,78;66,71;6;0;1;275;523;798;65,66;4366;0;98,80112
Santander;Onzaga;68502;795;26,04;73,99;6;0;0;88;707;795;55,00;4721;0;77,463647
Amazonas;El Encanto;91263;795;37,51;0,25;;0;0;0;795;795;;2211;1;22,811924
Tolima;Ambalema;73030;794;16,48;76,85;6;0;0;196;598;794;62,78;6761;0;165,039569
Cundinamarca;Guayabal De Síquima;25328;789;10,32;73,78;6;0;1;235;554;789;56,16;5062;0;153,622431
Caquetá;Solita;18785;787;27,28;73,59;6;1;1;109;678;787;56,38;6398;0;96,282215
Casanare;Trinidad;85430;785;21,57;83,96;6;0;0;0;785;785;56,61;14036;0;529,110228
Valle del Cauca;La Victoria;76403;781;8,37;86,23;6;0;0;0;781;781;71,70;12681;0;396,544174
Chocó;Atrato;27050;780;42,5;71,21;6;0;0;140;640;780;56,99;6409;0;64,371961
Nariño;La Cruz;52378;780;11,6;89,16;6;0;0;0;780;780;44,79;19560;0;156,766193
Norte de Santander;Chitagá;54174;777;31,82;82,56;6;0;0;0;777;777;51,85;13208;0;155,859712
Meta;San Carlos De Guaroa;50680;776;16,29;84,41;6;0;0;43;733;776;71,11;14424;0;707,892889
Boyacá;Santa Rosa De Viterbo;15693;774;6,3;86,32;6;0;0;407;367;774;58,15;13452;0;191,973429
Santander;Suaita;68770;771;14,17;86,07;6;0;0;446;325;771;60,98;10286;0;363,789172
Antioquia;Armenia;5059;769;8,36;73,31;6;0;0;220;549;769;48,27;5308;0;88,220785
Casanare;San Luis De Palenque;85325;769;18,3;75,72;6;0;0;49;720;769;60,89;8976;0;721,164009
Cundinamarca;Gama;25299;767;8,74;67,68;6;0;0;188;579;767;38,89;3193;0;50,574393
Santander;Simacota;68745;766;24,8;82,54;6;0;0;237;529;766;58,60;11483;0;247,76823
Vaupés;Pacoa;97511;766;93,65;15,73;;0;0;0;766;766;;4255;1;20,57025
Antioquia;Puerto Nare;5585;760;13,75;89,22;6;0;0;0;760;760;54,97;15465;0;790,097377
Boyacá;Tasco;15790;759;10,76;78,93;6;0;0;0;759;759;71,21;6012;0;138,091993
Boyacá;Otanche;15507;754;27,57;78,89;6;0;0;0;754;754;62,97;8190;0;131,676849
Boyacá;Sativanorte;15720;751;21,16;64,39;6;0;0;108;643;751;51,08;2080;0;42,406146
Chocó;Tadó;27787;750;54,77;89,97;6;0;1;0;750;750;63,55;19134;0;244,470726
Huila;Baraya;41078;742;20,79;78,51;6;0;1;31;711;742;59,71;8221;0;165,958504
Santander;Bolívar;68101;741;25,68;86,87;6;0;1;242;499;741;31,32;11558;0;262,905481
Antioquia;Nechí;5495;737;54,34;92,60;6;1;1;270;467;737;46,27;28955;0;417,06184
Nariño;El Tambo;52260;735;16,65;88,46;6;0;0;0;735;735;36,77;14548;0;232,557825
Caquetá;Curillo;18205;734;22,97;78,79;6;1;1;479;255;734;58,76;7783;0;131,163852
Cundinamarca;Villapinzón;25873;734;8,76;90,11;6;0;0;471;263;734;64,93;18129;0;1156,951433
Antioquia;Concepción;5206;732;12,48;79,39;6;0;1;169;563;732;57,12;5108;0;107,425181
Casanare;Nunchía;85225;732;34,04;77,57;6;0;0;138;594;732;52,81;9365;0;439,303472
Boyacá;Boyacá;15104;730;11,23;77,07;6;0;0;195;535;730;61,45;5297;0;146,472404
Bolívar;San Cristóbal;13620;726;25,6;71,17;6;0;0;360;366;726;28,44;9542;0;93,33165
Valle del Cauca;Calima;76126;726;8,74;92,24;6;0;1;0;726;726;53,43;19194;0;642,929336
Bolívar;San Fernando;13650;724;40,73;82,79;6;0;0;0;724;724;9,31;12766;0;144,265077
Santander;Landázuri;68385;724;17,54;87,85;6;0;1;302;422;724;56,17;10619;0;278,696257
Atlántico;Candelaria;8141;714;32,96;84,62;6;0;0;323;391;714;44,25;19104;0;192,885937
Boyacá;Gámeza;15296;713;14,63;73,81;6;0;0;80;633;713;36,77;4687;0;86,260461
Cundinamarca;Simijaca;25745;713;5,24;88,46;6;0;0;713;0;713;53,63;14289;0;311,803056
Boyacá;Rondón;15621;712;7,91;63,51;6;0;0;43;669;712;62,00;2467;0;50,064416
Córdoba;Cotorra;23300;712;24,2;87,75;6;0;0;0;712;712;54,59;21334;0;209,772535
Boyacá;Mongua;15464;711;20,81;72,86;6;0;0;148;563;711;63,84;4526;0;116,811704
Sucre;Morroa;70473;709;28,51;86,97;6;1;1;0;709;709;33,12;17030;0;133,856957
Cundinamarca;San Cayetano;25653;692;8,04;72,52;6;0;0;326;366;692;58,84;4839;0;182,358202
Cundinamarca;Tabio;25785;690;3,93;93,20;6;0;0;455;235;690;66,10;22884;0;339,887733
Chocó;Medio San Juan;27450;687;64,09;85,70;6;1;1;0;687;687;30,10;11112;0;214,232704
Norte de Santander;Bochalema;54099;686;16,19;82,16;6;0;0;0;686;686;59,79;9467;0;167,967566
Sucre;San Juan De Betulia;70702;685;25,4;84,94;6;0;0;0;685;685;28,72;14694;0;157,909661
Tolima;Cunday;73226;684;19,03;85,44;6;0;0;0;684;684;34,66;9022;0;154,337083
Bolívar;Villanueva;13873;679;39,93;90,51;6;0;0;0;679;679;26,85;28802;0;357,068026
Caldas;La Merced;17388;672;12,25;79,68;6;0;0;260;412;672;32,90;5844;0;121,824472
Antioquia;San Jerónimo;5656;669;13,29;93,62;6;0;0;669;0;669;73,00;17982;0;397,752022
Huila;Gigante;41306;657;13,33;93,87;6;0;0;0;657;657;66,72;23760;0;946,623201
Cesar;Manaure Balcón Del Cesar;20443;652;27,59;82,17;6;1;1;608;44;652;49,89;11548;0;123,47122
Valle del Cauca;El Águila;76243;648;13,93;82,97;6;0;1;248;400;648;61,58;9210;0;301,22182
Santander;Gámbita;68298;643;23,86;76,14;6;0;0;0;643;643;58,79;4110;0;82,28867
Meta;El Castillo;50251;640;26,54;80,86;6;0;1;0;640;640;54,52;8473;0;287,145352
Casanare;Pore;85263;635;27,07;85,67;6;0;1;58;577;635;57,69;13407;0;433,709365
Huila;Colombia;41206;633;26,36;83,46;6;0;1;0;633;633;62,79;7666;0;225,769284
Antioquia;Argelia;5055;632;17,14;84,65;6;0;1;483;149;632;47,47;8170;0;121,833211
Cauca;Inzá;19355;632;19;93,65;6;0;0;0;632;632;39,46;29139;0;361,780779
Norte de Santander;Cáchira;54128;631;25,04;85,55;6;0;0;0;631;631;67,44;12099;0;148,737348
Cundinamarca;Supatá;25777;627;10,41;81,45;6;0;0;307;320;627;74,79;5529;0;137,084814
Tolima;Alpujarra;73024;627;12,48;76,53;6;0;0;138;489;627;53,53;4807;0;122,227131
Cundinamarca;El Rosal;25260;624;7,61;93,51;6;0;0;624;0;624;49,08;26497;0;469,316182
Quindio;Circasia;63190;622;6,52;94,67;6;0;0;356;266;622;63,04;29013;0;572,187585
Antioquia;Valparaíso;5856;615;8,88;82,82;6;0;0;245;370;615;67,17;6683;0;372,059451
Boyacá;San Pablo De Borbur;15681;611;22,55;79,09;6;0;0;0;611;611;64,46;6772;0;121,828602
Norte de Santander;Cucutilla;54223;611;36,18;81,50;6;0;0;0;611;611;56,33;8603;0;117,503056
Boyacá;Aquitania;15047;608;13;92,14;6;0;0;0;608;608;64,65;15405;0;742,801775
Santander;San Andrés;68669;605;13,49;87,14;6;0;0;253;352;605;54,13;8900;0;149,131402
Bolívar;Santa Catalina;13673;604;57,78;86,74;6;0;0;0;604;604;55,48;15213;0;237,999955
Meta;Puerto Concordia;50450;598;46,26;83,57;6;1;1;0;598;598;56,76;8692;0;416,47829
Boyacá;Susacón;15774;584;14,99;69,46;6;0;0;86;498;584;59,45;2795;0;56,132388
Cundinamarca;Sutatausa;25781;582;7,59;82,08;6;0;0;334;248;582;59,02;6727;0;230,732968
Tolima;Roncesvalles;73622;580;16,71;74,56;6;0;1;91;489;580;58,87;5609;0;167,3809
Boyacá;Betéitiva;15092;575;11,13;61,54;6;0;0;88;487;575;66,99;1825;0;36,892569
Quindio;Filandia;63272;575;6,27;89,77;6;0;0;0;575;575;61,47;12418;0;307,802963
Casanare;Sabanalarga;85300;575;11,78;70,44;6;0;1;0;575;575;68,94;3836;0;79,039985
Boyacá;Jericó;15368;574;36,07;75,88;6;0;0;0;574;574;47,61;4024;0;86,621335
Cundinamarca;Tausa;25793;573;8,1;84,05;6;0;0;437;136;573;75,73;8560;0;944,527654
Chocó;Unguía;27800;572;48,59;89,77;6;1;1;572;0;572;48,41;12703;0;154,432899
Antioquia;San Francisco;5652;567;19,8;82,84;6;0;1;196;371;567;64,14;6013;0;95,656667
Nariño;El Peñol;52254;566;16,32;81,52;6;0;1;0;566;566;51,91;7831;0;92,906768
Guainía;Mapiripana;94663;563;;0,00;;0;0;0;563;563;;0;1;
Boyacá;Macanal;15425;560;7,88;80,12;6;0;0;0;560;560;65,60;5314;0;92,339011
Cundinamarca;Tibacuy;25805;559;11,13;79,46;6;0;0;196;363;559;75,31;4276;0;119,524114
Chocó;El Cantón Del San Pablo;27135;559;43,52;82,23;6;0;0;62;497;559;59,70;6486;0;117,756968
Santander;Puerto Parra;68573;559;18,45;84,17;6;0;0;363;196;559;53,06;8892;0;320,031238
Meta;El Calvario;50245;555;4,4;53,56;6;0;1;24;531;555;50,74;1896;0;36,607409
Tolima;Murillo;73461;555;14,49;71,00;6;0;1;122;433;555;66,06;4251;0;88,537308
Cundinamarca;Fosca;25281;552;13,34;81,65;6;0;0;345;207;552;67,61;5631;0;165,716266
Caldas;Aranzazu;17050;548;9,83;89,71;6;0;0;307;241;548;56,92;10820;0;417,446453
Nariño;Iles;52352;548;27,17;84,90;6;0;0;0;548;548;44,20;7678;0;104,171039
Risaralda;La Celia;66383;546;12,14;83,72;6;0;0;102;444;546;60,44;7749;0;219,563467
Cundinamarca;Vergara;25862;542;22,42;85,60;6;0;0;230;312;542;68,70;6708;0;138,467418
Santander;Chipatá;68179;540;15,24;79,99;6;0;0;132;408;540;61,70;5247;0;92,711229
Boyacá;Güicán De La Sierra;15332;538;29,74;74,05;6;0;0;91;447;538;54,35;4383;0;71,114946
Cauca;Puracé;19585;535;20,75;90,22;6;0;0;0;535;535;54,86;18062;0;190,466056
Boyacá;Viracachá;15879;530;13,25;76,59;6;0;0;72;458;530;54,78;2910;0;62,170834
Cauca;Florencia;19290;529;12,26;76,15;6;0;1;0;529;529;47,74;5213;0;81,77162
Boyacá;El Espino;15248;524;13,13;71,37;6;0;0;142;382;524;61,66;3128;0;48,811929
Huila;Oporapa;41503;523;18,41;87,94;6;0;0;0;523;523;51,66;12309;0;189,952786
Boyacá;Socha;15757;519;9,02;87,32;6;0;0;0;519;519;59,79;8424;0;193,072261
Nariño;Arboleda;52051;519;25,31;83,18;6;0;0;0;519;519;40,97;9049;0;142,58793
Tolima;Anzoátegui;73043;516;20,91;86,30;6;0;1;0;516;516;48,45;10590;0;285,201139
Chocó;Nóvita;27491;512;50,01;87,36;6;1;1;0;512;512;48,85;9825;0;198,351023
Tolima;Coello;73200;509;15,73;86,66;6;0;0;150;359;509;54,94;8536;0;703,374934
Casanare;Maní;85139;506;15,74;91,75;6;0;1;0;506;506;54,73;19474;0;970,803223
Casanare;Recetor;85279;505;28,13;46,33;6;0;1;30;475;505;54,42;1728;0;31,978945
Antioquia;Gómez Plata;5310;502;10,4;91,31;6;0;0;502;0;502;63,75;10301;0;597,23082
Quindio;Génova;63302;500;11,39;84,68;6;0;1;26;474;500;41,89;7723;0;321,015662
Norte de Santander;Labateca;54377;496;16,11;82,55;6;0;0;0;496;496;57,45;6999;0;109,016844
Arauca;Cravo Norte;81220;494;29,83;73,22;6;0;1;0;494;494;48,74;4135;0;97,245699
Boyacá;Chíquiza;15232;493;17,76;76,49;6;0;0;57;436;493;60,84;4813;0;113,275942
Cundinamarca;Guataquí;25324;493;12,51;63,86;6;0;0;208;285;493;56,03;3118;0;46,748215
Nariño;Magüí;52427;493;82,51;91,31;6;1;1;493;0;493;45,24;27970;0;114,435532
Santander;Jesús María;68368;493;12,52;75,81;6;0;0;66;427;493;36,07;3429;0;67,5022
Casanare;Chámeza;85015;490;17,42;61,14;6;0;1;165;325;490;43,31;2691;0;62,636362
Amazonas;Puerto Santander;91669;486;49,49;2,41;;0;0;0;486;486;;1853;1;16,581365
Cundinamarca;Une;25845;484;11,93;85,27;6;0;0;233;251;484;53,90;6730;0;369,486529
Amazonas;Puerto Alegría;91530;482;42,88;0,21;;0;0;0;482;482;;793;1;8,615635
Antioquia;Briceño;5107;477;25,66;87,10;6;1;1;184;293;477;62,25;8023;0;132,640878
Boyacá;El Cocuy;15244;475;30,9;79,75;6;0;0;49;426;475;50,62;4305;0;81,715123
Tolima;Piedras;73547;475;12,34;84,12;6;0;0;192;283;475;61,38;7393;0;299,555451
Nariño;Ospina;52506;472;15,84;83,99;6;0;0;0;472;472;51,44;7111;0;94,983415
Boyacá;Chiscas;15180;471;28,83;80,83;6;0;0;0;471;471;51,47;4078;0;76,546684
Antioquia;Caracolí;5142;470;12,14;82,46;6;0;0;207;263;470;65,95;4538;0;100,046122
Norte de Santander;Gramalote;54313;469;14,25;84,36;6;0;0;304;165;469;41,31;8430;0;83,254531
Antioquia;Salgar;5642;468;16,59;93,83;6;0;1;377;91;468;64,19;18915;0;518,44144
Huila;Algeciras;41020;468;20,21;94,78;6;1;1;0;468;468;61,49;22769;0;428,847996
Cundinamarca;Vianí;25867;466;11,74;80,68;6;0;0;187;279;466;59,63;4624;0;178,427202
Boyacá;Covarachía;15218;465;26,83;70,77;6;0;0;1;464;465;54,19;2873;0;85,364177
Boyacá;Tibaná;15804;461;14,59;91,48;6;0;0;0;461;461;63,27;9107;0;488,595653
Boyacá;Jenesano;15367;460;12,11;90,03;6;0;0;64;396;460;65,22;7401;0;228,282317
Santander;Albania;68020;458;15,48;82,95;6;0;0;91;367;458;56,56;4223;0;252,695911
Boyacá;Soatá;15753;456;7,59;91,01;6;0;0;0;456;456;61,41;9285;0;169,985032
Nariño;Contadero;52210;456;18,55;83,92;6;0;0;0;456;456;63,62;7530;0;114,3782
Cundinamarca;Chipaque;25178;455;9,52;89,19;6;0;0;450;5;455;51,61;10150;0;136,245806
Meta;Fuente De Oro;50287;453;17,68;91,59;6;0;1;0;453;453;62,61;12853;0;1438,620483
Antioquia;Betania;5091;452;16,22;89,72;6;0;0;153;299;452;61,32;10758;0;333,522723
Huila;Guadalupe;41319;448;18,45;94,09;6;0;0;0;448;448;63,59;18490;0;296,743268
Cundinamarca;Quebradanegra;25592;447;11,22;83,51;6;0;0;259;188;447;73,30;4922;0;104,974697
Quindio;Pijao;63548;445;8,53;80,91;6;0;1;63;382;445;50,15;5361;0;377,791577
Valle del Cauca;Argelia;76054;445;15,75;80,28;6;0;1;253;192;445;56,31;5543;0;224,575705
Santander;Sucre;68773;443;15,32;88,51;6;0;1;182;261;443;51,89;7377;0;94,963562
Boyacá;San Luis De Gaceno;15667;442;15,28;84,33;6;0;0;50;392;442;68,29;5304;0;105,997686
Cundinamarca;Choachí;25181;441;8,22;92,68;6;0;0;441;0;441;50,11;11283;0;245,448835
Caquetá;Valparaíso;18860;439;27,65;84,95;6;1;1;236;203;439;63,18;7156;0;110,580166
Santander;Santa Helena Del Opón;68720;439;22,66;77,85;6;0;0;100;339;439;51,39;3472;0;64,75753
Nariño;Providencia;52565;433;22,75;83,69;6;0;0;64;369;433;52,45;5555;0;45,996563
Santander;Charta;68169;431;9,99;74,69;6;0;1;108;323;431;42,76;3252;0;68,367415
Guainía;Barrancominas;94343;427;75,22;70,67;6;0;0;0;427;427;28,22;11359;0;87,12281
Antioquia;Jericó;5368;425;9,05;93,42;6;0;0;398;27;425;58,58;14317;0;523,585606
Cundinamarca;Venecia;25506;425;13,42;81,52;6;0;0;241;184;425;53,88;4505;0;262,693035
Antioquia;Alejandría;5021;424;12,68;85,19;6;0;1;279;145;424;44,73;5196;0;96,379479
Tolima;Villarrica;73873;422;17,84;84,23;6;0;1;136;286;422;45,56;5280;0;124,728466
Boyacá;Páez;15514;421;13,23;76,97;6;0;0;127;294;421;65,48;3376;0;75,528591
Sucre;San Pedro;70717;418;30,08;93,38;6;0;0;0;418;418;44,44;20760;0;223,892454
Meta;San Juan De Arama;50683;416;22,83;88,79;6;0;1;0;416;416;64,08;9444;0;337,991629
Tolima;Dolores;73236;415;17,96;89,66;6;0;1;163;252;415;33,88;8594;0;183,505671
Nariño;Los Andes;52418;410;23,7;90,54;6;1;1;15;395;410;54,11;9553;0;87,58685
Meta;Cabuyaro;50124;407;17,63;84,37;5;0;0;0;407;407;63,31;6865;0;2064,475131
Boyacá;Sutatenza;15778;406;11,75;83,23;6;0;0;41;365;406;64,78;4257;0;103,136336
Boyacá;Chinavita;15172;404;13,36;82,12;6;0;0;0;404;404;51,62;3093;0;56,854978
Santander;Encino;68264;404;9,88;71,65;6;0;0;73;331;404;57,53;2898;0;49,739447
Nariño;Cuaspud Carlosama;52224;399;26,9;87,47;6;0;0;0;399;399;48,08;9889;0;99,332127
Santander;Molagavita;68468;393;26,85;82,65;6;0;0;57;336;393;50,98;4660;0;100,887767
Cundinamarca;Quipile;25596;391;18,59;89,75;6;0;0;243;148;391;55,90;5777;0;295,069891
Córdoba;Momil;23464;384;26,67;93,55;6;0;0;0;384;384;33,75;22186;0;182,74459
Nariño;Ancuya;52036;384;10,8;88,17;6;0;0;0;384;384;53,35;8823;0;93,34781
Amazonas;Mirití - Paraná;91460;376;85,76;1,31;;0;0;0;376;376;;2043;1;9,98228
Antioquia;Nariño;5483;375;15,64;92,36;6;0;1;375;0;375;54,87;10906;0;186,934865
Quindio;Buenavista;63111;373;11,64;71,15;6;0;0;78;295;373;61,42;3199;0;196,120563
Santander;Tona;68820;373;13,46;90,06;6;0;0;234;139;373;63,67;8362;0;599,33856
Valle del Cauca;Riofrío;76616;368;9,19;94,39;6;0;1;39;329;368;60,10;16128;0;599,413878
Boyacá;Campohermoso;15135;367;20,74;78,60;6;0;0;0;367;367;62,41;3186;0;65,860113
Boyacá;La Uvita;15403;367;13,12;82,03;6;0;0;109;258;367;55,41;2854;0;71,359601
Bolívar;Córdoba;13212;366;29,95;93,57;6;1;1;0;366;366;30,12;18180;0;227,617941
Nariño;Gualmatán;52323;365;15,64;86,47;6;0;0;159;206;365;56,45;7609;0;111,645164
Amazonas;Puerto Arica;91536;365;34,6;0,82;;0;0;0;365;365;;1067;1;6,901827
Arauca;Puerto Rondón;81591;364;23,09;83,30;6;0;1;0;364;364;49,68;4673;0;154,675008
Cundinamarca;Cucunubá;25224;361;11,5;89,56;6;0;0;307;54;361;65,39;8234;0;321,712465
Chocó;Unión Panamericana;27810;361;52,15;88,83;6;0;0;0;361;361;60,48;7202;0;309,374259
Cundinamarca;Villagómez;25871;360;10,27;66,42;6;0;0;159;201;360;46,11;1645;0;39,527575
Cundinamarca;Cabrera;25120;359;10,3;81,87;6;0;1;203;156;359;46,14;4887;0;468,619518
Cundinamarca;Pasca;25535;356;8,17;91,33;6;0;0;257;99;356;57,97;9386;0;312,488468
Nariño;Mallama;52435;355;11,8;90,07;6;0;1;0;355;355;48,30;8934;0;91,670808
Cundinamarca;Gutiérrez;25339;354;11,3;80,17;6;0;0;241;113;354;53,83;3512;0;124,828951
Meta;Cubarral;50223;354;7,54;90,53;6;0;1;0;354;354;59,41;7436;0;120,699305
Cundinamarca;Lenguazaque;25407;352;10,28;91,92;6;0;0;352;0;352;57,41;10629;0;446,678173
Santander;San Joaquín;68682;352;12,87;78,05;6;0;0;1;351;352;64,11;2525;0;46,191542
Valle del Cauca;San Pedro;76670;352;7,51;94,29;6;0;0;60;292;352;68,48;17270;0;726,601838
Boyacá;Firavitoba;15272;349;6,53;90,01;6;0;0;85;264;349;51,57;7088;0;131,653078
Norte de Santander;Santiago;54680;346;19,91;73,93;6;0;1;0;346;346;47,57;4040;0;57,826018
Cundinamarca;Útica;25851;340;16,92;86,51;6;0;0;300;40;340;57,42;4342;0;78,391839
Boyacá;Tibasosa;15806;338;7;94,38;6;0;0;0;338;338;58,40;13579;0;1342,383499
Santander;San José De Miranda;68684;337;26,23;84,40;6;0;0;96;241;337;53,79;4519;0;128,431362
Boyacá;Cerinza;15162;336;8,61;86,80;6;0;0;11;325;336;54,24;3583;0;60,323337
Cundinamarca;Granada;25312;334;4,97;89,53;6;0;0;334;0;334;56,81;7614;0;197,632804
Cundinamarca;Guatavita;25326;333;7,79;90,42;6;0;0;263;70;333;71,04;6391;0;213,438049
Cundinamarca;Jerusalén;25368;333;14,53;77,10;6;0;0;78;255;333;57,34;2169;0;125,868306
Norte de Santander;Mutiscua;54480;333;14,85;80,10;6;0;0;0;333;333;61,07;4636;0;89,891951
Vaupés;Carurú;97161;330;44,35;66,05;6;0;1;104;226;330;44,55;3025;0;38,873575
Norte de Santander;Silos;54743;329;14,77;87,43;6;0;0;0;329;329;57,57;7166;0;139,433337
Norte de Santander;La Playa;54398;328;24,41;88,36;6;0;1;45;283;328;45,52;8582;0;172,217323
Boyacá;Chitaraque;15185;326;22,92;87,79;6;0;0;35;291;326;50,22;5961;0;168,124231
Huila;Elías;41244;326;9,67;82,81;6;0;0;0;326;326;57,19;4683;0;95,264785
Valle del Cauca;Vijes;76869;324;7,13;94,17;6;0;0;0;324;324;57,08;13893;0;569,907619
Chocó;Bojayá;27099;323;67,56;93,22;6;1;1;323;0;323;48,20;13019;0;62,85619
Cundinamarca;Quetame;25594;321;9,72;87,80;6;0;0;320;1;321;48,18;5182;0;158,838491
Antioquia;Tarso;5792;319;16,24;89,56;6;0;0;152;167;319;68,71;6530;0;195,674532
Bolívar;El Guamo;13248;319;29,4;89,97;6;1;1;0;319;319;35,41;9616;0;170,251458
Boyacá;Pisba;15550;318;34,01;61,92;6;0;1;0;318;318;42,62;1951;0;30,060955
Santander;Galán;68296;315;17,7;81,10;6;0;0;81;234;315;61,61;3063;0;70,786834
Valle del Cauca;El Dovio;76250;313;16,7;91,36;6;0;1;0;313;313;59,90;9256;0;379,471647
Boyacá;Úmbita;15842;309;10,2;92,29;6;0;0;0;309;309;46,82;7698;0;184,218205
Santander;Coromoro;68217;309;21,55;90,64;6;0;0;106;203;309;59,04;5662;0;99,332585
Santander;La Paz;68397;307;8,18;87,49;6;0;0;98;209;307;47,83;5075;0;80,632232
Santander;Contratación;68211;306;8,71;85,30;6;0;0;114;192;306;44,63;4144;0;66,426697
Boyacá;Coper;15212;305;13,85;84,20;6;0;0;129;176;305;39,93;3513;0;144,753957
Boyacá;Caldas;15131;303;15,33;82,39;6;0;0;0;303;303;56,25;2893;0;69,44073
Caldas;Victoria;17867;296;13,55;93,50;6;0;0;251;45;296;58,02;10927;0;178,636399
Boyacá;Sora;15762;295;14,81;78,88;6;0;0;20;275;295;61,56;3150;0;68,592558
Meta;San Juanito;50686;294;10,13;63,93;6;0;1;0;294;294;58,15;1395;0;22,526132
Cundinamarca;Beltrán;25086;293;9,6;72,02;6;0;0;114;179;293;66,61;1805;0;48,674445
Boyacá;San Mateo;15673;289;20,47;87,34;6;0;0;0;289;289;55,68;3397;0;96,027577
Huila;Íquira;41357;288;24,06;93,32;6;0;0;0;288;288;56,66;9715;0;205,383899
Santander;Carcasí;68152;288;28,18;86,32;6;0;0;74;214;288;61,12;4852;0;74,228977
Casanare;La Salina;85136;286;24,19;55,10;6;0;1;47;239;286;64,34;1518;0;27,269237
Santander;Aguada;68013;279;16,56;73,33;6;0;0;25;254;279;58,40;1891;0;25,811957
Cauca;Santa Rosa;19701;278;35,62;88,36;6;0;1;115;163;278;37,75;5328;0;60,429137
Cundinamarca;Bituima;25095;271;9,67;83,35;6;0;0;125;146;271;56,84;2476;0;101,815406
Chocó;Sipí;27745;270;49,1;82,20;6;1;1;33;237;270;50,20;3325;0;45,581215
Nariño;Yacuanquer;52885;269;18,21;93,39;6;0;0;0;269;269;50,02;11573;0;194,079665
Antioquia;Abriaquí;5004;267;11,63;80,68;6;0;1;158;109;267;43,32;2810;0;63,621178
Antioquia;Hispania;5353;267;12,12;90,23;6;0;0;65;202;267;43,02;5862;0;116,424341
Casanare;Hato Corozal;85125;267;33,04;94,45;6;0;1;88;179;267;47,68;13104;0;442,818772
Boyacá;Pachavita;15511;266;8,62;84,76;6;0;0;4;262;266;59,17;2301;0;98,49353
La Guajira;La Jagua Del Pilar;44420;262;27,78;72,65;6;0;1;194;68;262;45,04;4149;0;59,141745
Santander;Chima;68176;262;19,46;83,78;6;0;0;40;222;262;56,10;3243;0;82,1133
Antioquia;San Andrés De Cuerquía;5647;258;24,54;92,50;6;0;1;0;258;258;41,76;7406;0;120,518501
Boyacá;Pajarito;15518;258;11,35;76,86;6;0;1;31;227;258;44,81;2205;0;52,507356
Santander;Capitanejo;68147;257;16,36;90,62;6;0;0;0;257;257;58,68;6215;0;155,648968
Casanare;Sácama;85315;256;30,57;71,36;6;0;1;79;177;256;51,20;2125;0;39,414529
Antioquia;Sabanalarga;5628;254;27,57;94,71;6;0;0;237;17;254;56,05;9827;0;158,833474
Boyacá;Almeida;15022;248;7,46;79,66;6;0;0;0;248;248;58,39;1825;0;33,62905
Boyacá;Busbanzá;15114;248;10,38;58,60;6;0;0;99;149;248;63,03;1288;0;30,923818
Guainía;San Felipe;94883;247;88,39;24,23;;0;0;0;247;247;;1926;1;10,974426
Boyacá;Chivor;15236;240;16,84;75,54;6;0;1;0;240;240;42,58;2702;0;43,098476
Antioquia;Angelópolis;5036;238;13,03;91,52;6;0;0;0;238;238;50,86;6149;0;132,766051
Guainía;Pana Pana;94887;237;93,6;41,63;;0;0;0;237;237;;2001;1;13,902944
Santander;Concepción;68207;236;16,64;90,79;6;0;0;0;236;236;59,85;6125;0;128,247809
Santander;Suratá;68780;232;17,87;88,12;6;0;1;67;165;232;59,33;4451;0;68,687876
Tolima;Alvarado;73026;232;14,06;93,64;6;0;1;37;195;232;63,11;8855;0;292,057933
Tolima;Casabianca;73152;232;14,9;91,74;6;0;1;0;232;232;55,44;6590;0;224,699954
Boyacá;Panqueba;15522;228;15,19;79,66;6;0;0;17;211;228;61,22;1725;0;36,277643
Norte de Santander;Ragonvalia;54599;227;19,62;89,12;6;0;0;0;227;227;51,63;6653;0;100,852668
Boyacá;Gachantivá;15293;224;10,46;88,10;6;0;0;40;184;224;63,64;2765;0;86,769774
Caldas;Belalcázar;17088;223;17,82;94,84;6;0;1;223;0;223;32,27;10467;0;331,724151
Caquetá;Morelia;18479;221;21,22;85,82;6;1;1;122;99;221;53,68;3807;0;58,11616
Santander;Cerrito;68162;221;16,05;91,52;6;0;0;221;0;221;52,98;7482;0;139,271628
Antioquia;Carolina;5150;217;6,23;90,51;6;0;0;189;28;217;71,56;3947;0;90,519127
Boyacá;Buenavista;15109;216;14,6;91,67;6;0;0;130;86;216;57,51;4509;0;131,569151
Quindio;Córdoba;63212;215;10,08;90,70;6;0;0;0;215;215;47,82;5866;0;122,738009
Antioquia;La Pintada;5390;205;12,85;94,40;6;0;0;205;0;205;73,13;8554;0;309,485411
Antioquia;Pueblorrico;5576;204;15,86;94,64;6;0;0;179;25;204;52,29;9040;0;196,358036
Boyacá;Muzo;15480;204;23,06;93,18;6;0;0;0;204;204;40,28;8228;0;161,302534
Boyacá;Boavita;15097;201;19,75;93,39;6;0;0;0;201;201;50,17;5145;0;120,802852
Boyacá;Paya;15533;199;59,34;77,99;6;0;1;0;199;199;59,66;2735;0;38,011262
Huila;Nátaga;41483;199;18,92;92,52;6;0;0;0;199;199;60,89;7007;0;163,305959
Boyacá;Santa Sofía;15696;197;10,05;90,85;6;0;0;0;197;197;64,90;3338;0;138,508327
Huila;Hobo;41349;197;20,43;94,03;6;0;1;149;48;197;65,01;7995;0;149,863827
Meta;El Dorado;50270;194;15,49;89,64;6;0;1;0;194;194;50,37;4122;0;87,292964
Santander;El Guacamayo;68245;192;9,81;84,36;6;0;0;72;120;192;64,35;2201;0;41,009755
Guainía;Puerto Colombia;94884;192;95,96;49,74;;0;0;0;192;192;;1971;1;20,086265
Boyacá;Guacamayas;15317;191;11,68;83,05;6;0;0;0;191;191;58,43;1811;0;30,107454
Norte de Santander;Villa Caro;54871;190;31,36;90,16;6;0;0;190;0;190;51,52;5381;0;58,99381
Boyacá;Tutazá;15839;185;16;84,58;6;0;0;43;142;185;53,04;2021;0;58,22993
Guainía;Morichal;94888;185;92,37;0,00;;0;0;0;185;185;;1052;1;6,483366
Santander;Cepitá;68160;181;12,68;81,59;6;0;0;69;112;181;48,70;2167;0;29,008054
Valle del Cauca;Ulloa;76845;181;7,94;91,37;6;0;0;4;177;181;62,58;5636;0;178,900541
Santander;Vetas;68867;179;8,68;80,04;6;0;0;50;129;179;40,71;2162;0;43,160184
Vaupés;Taraira;97666;179;78,94;68,37;6;0;0;57;122;179;37,01;2831;0;27,968556
Antioquia;Caramanta;5145;172;8,92;93,23;6;0;0;147;25;172;55,74;4556;0;150,553356
Vaupés;Papunahua;97777;170;87,04;25,11;;0;0;0;170;170;;768;1;4,517767
Caldas;Marulanda;17446;166;7,88;88,19;6;0;1;148;18;166;63,81;2685;0;58,927564
Amazonas;La Victoria;91430;166;90,96;14,87;;0;0;0;166;166;;681;1;4,782857
Santander;Ocamonte;68498;158;12,23;93,62;6;0;0;28;130;158;59,55;6494;0;117,9058
Boyacá;La Victoria;15401;157;16,84;76,07;6;0;0;80;77;157;56,35;1142;0;23,017547
Santander;Enciso;68266;148;19,49;91,20;6;0;0;0;148;148;39,92;3921;0;72,749382
Santander;Guaca;68318;147;18,58;94,58;6;0;0;68;79;147;61,36;6668;0;142,32231
Cundinamarca;Fúquene;25288;145;8,99;94,32;6;0;0;145;0;145;69,89;4961;0;272,298637
Santander;San Miguel;68686;137;17,88;89,33;6;0;0;84;53;137;58,67;2665;0;52,707081
Boyacá;Somondoco;15761;136;8,93;92,53;6;0;0;0;136;136;51,08;2963;0;74,786809
Santander;Güepsa;68327;135;10,7;93,60;6;0;0;135;0;135;37,88;5560;0;97,58483
Boyacá;Iza;15362;134;8,54;88,38;6;0;0;77;57;134;70,75;1934;0;49,45873
Santander;California;68132;127;6,89;84,88;6;0;0;28;99;127;63,12;2465;0;49,658731
Norte de Santander;Lourdes;54418;118;22,04;92,04;6;0;0;49;69;118;51,86;4520;0;88,782314
Santander;Guapotá;68322;117;12,57;89,53;6;0;0;82;35;117;49,72;2634;0;63,063191
Tolima;Suárez;73770;114;18,86;93,62;6;0;0;5;109;114;58,95;3916;0;57,360629
Santander;Palmar;68522;113;14,23;82,83;6;0;0;57;56;113;75,21;1523;0;29,408269
Cundinamarca;Nariño;25483;107;9,86;94,33;6;0;0;86;21;107;59,00;2462;0;40,556925
Boyacá;Briceño;15106;103;15,61;91,10;6;0;0;19;84;103;59,40;2247;0;119,999089
Santander;San Benito;68673;100;11,98;92,61;6;0;0;61;39;100;37,43;3015;0;196,867366
Guainía;Cacahual;94886;95;71,66;43,79;;0;0;0;95;95;;902;1;12,528024
Boyacá;Santa María;15690;94;10,83;94,49;6;0;0;34;60;94;63,97;3640;0;1487,453118
Boyacá;Cuítiva;15226;89;9,58;91,97;6;0;0;9;80;89;60,06;1837;0;41,532848
Boyacá;La Capilla;15380;84;7,14;94,81;6;0;0;0;84;84;65,18;2586;0;80,793278
Norte de Santander;Cácota;54125;84;23,8;93,06;6;0;0;0;84;84;56,16;3121;0;42,262685
Santander;Cabrera;68121;56;12,83;93,29;6;0;0;30;26;56;60,17;2117;0;42,535796
Guainía;La Guadalupe;94885;54;93,63;0,00;;0;0;0;54;54;;319;1;1,665261
Vaupés;Yavaraté;97889;54;76,66;71,12;;0;0;0;54;54;;1086;1;4,439149
Boyacá;Berbeo;15090;43;15,05;94,67;6;0;0;28;15;43;62,37;1645;0;42,608842
